开票日期,发票状态,销方单位代号,发票号码,金额,税额,价税合计
2017-07-18,有效发票,A00297,13563762,0.0,0.0,0.0
2017-08-07,有效发票,A05061,9902669,326.21,9.79,336.0
2017-08-08,有效发票,A05991,40826107,170.94,29.06,200.0
2017-08-09,有效发票,A03142,8841063,42452.83,2547.17,45000.0
2017-08-11,作废发票,A02994,15040454,46153.85,7846.15,54000.0
2017-08-14,有效发票,A05991,40829320,162.39,27.61,190.0
2017-08-16,有效发票,A00314,2032326,4614.12,276.84,4890.96
2017-08-21,有效发票,A03346,14678366,13846.15,2353.85,16200.0
2017-08-23,有效发票,A01714,671506,19417.48,582.52,20000.0
2017-08-23,有效发票,A13557,13428924,970.87,29.13,1000.0
2017-08-24,作废发票,A07155,13690002,601.89,36.11,638.0
2017-08-24,有效发票,A01714,167879,485.44,14.56,500.0
2017-08-24,有效发票,A07155,13690003,601.89,36.11,638.0
2017-08-25,有效发票,A01798,10769077,969.9,29.1,999.0
2017-08-27,有效发票,A03775,15462965,466.02,13.98,480.0
2017-08-27,有效发票,A08485,18308605,619.81,37.19,657.0
2017-08-28,作废发票,A06754,15459892,728.16,21.84,750.0
2017-08-28,有效发票,A01709,9279217,283.02,16.98,300.0
2017-08-28,有效发票,A06754,15459893,640.78,19.22,660.0
2017-08-28,有效发票,A07242,13338965,185.85,11.15,197.0
2017-08-29,有效发票,A01772,10644182,199.03,5.97,205.0
2017-08-29,有效发票,A03305,85419594,149454416.21,25407250.79,174861667.0
2017-08-30,有效发票,A03305,171572604,88797494.75,15095574.25,103893069.0
2017-08-30,有效发票,A13447,14470211,221.36,6.64,228.0
2017-09-01,有效发票,A04562,1056016,182.52,5.48,188.0
2017-09-05,有效发票,A07421,5432505,281.13,16.87,298.0
2017-09-06,有效发票,A13447,14470262,442.72,13.28,456.0
2017-09-07,有效发票,A07718,9739133,2407.8300000000004,144.47,2552.3
2017-09-07,有效发票,A13447,14470281,491.26,14.74,506.0
2017-09-08,有效发票,A02994,15040520,46153.85,7846.15,54000.0
2017-09-08,有效发票,A11206,3524109,335.85,20.15,356.0
2017-09-08,有效发票,A13415,14366041,485.44,14.56,500.0
2017-09-09,有效发票,A13447,14470310,221.36,6.64,228.0
2017-09-10,有效发票,A01113,11683940,898.11,53.89,952.0
2017-09-10,有效发票,A01117,11597621,2368.87,142.13,2511.0
2017-09-10,有效发票,A02378,23328113,1632.07,97.92999999999999,1730.0
2017-09-11,作废发票,A09198,5466141,75.47,4.53,80.0
2017-09-11,有效发票,A03346,14868171,4615.38,784.62,5400.0
2017-09-12,有效发票,A06993,5793688,930.19,55.81,986.0
2017-09-12,有效发票,A07843,13875244,1261.54,214.46,1476.0
2017-09-12,有效发票,A07938,15349574,1083.96,65.04,1149.0
2017-09-12,有效发票,A13197,18676160,386.41,11.59,398.0
2017-09-12,有效发票,A13400,14466124,970.87,29.13,1000.0
2017-09-12,有效发票,A13447,14470332,221.36,6.64,228.0
2017-09-12,有效发票,A13734,16868010,253.4,7.6,261.0
2017-09-13,有效发票,A13447,14470337,221.36,6.64,228.0
2017-09-13,有效发票,A13733,16864075,287.38,8.62,296.0
2017-09-14,有效发票,A06204,17249775,69.9,2.1,72.0
2017-09-14,有效发票,A13557,11386906,425.24,12.76,438.0
2017-09-15,有效发票,A09198,5466315,216.98,13.02,230.0
2017-09-16,有效发票,A13116,13899185,173.79,5.21,179.0
2017-09-17,有效发票,A12333,12622172,413.33,70.27,483.6
2017-09-17,有效发票,A13163,13866361,205.83,6.17,212.0
2017-09-18,有效发票,A01475,5529466,261.17,7.83,269.0
2017-09-18,有效发票,A09198,5466340,75.47,4.53,80.0
2017-09-18,有效发票,A12333,12622180,361.11,61.39,422.5
2017-09-20,有效发票,A05991,40850699,170.94,29.06,200.0
2017-09-20,有效发票,A06314,20064159,235.92,7.08,243.0
2017-09-21,有效发票,A04619,17449748,203.88,6.12,210.0
2017-09-22,有效发票,A03346,5357310,3692.31,627.69,4320.0
2017-09-22,有效发票,A12717,46879977,2464.07,73.92999999999999,2538.0
2017-09-24,有效发票,A06506,4305024,20000.0,0.0,20000.0
2017-09-24,有效发票,A09920,5610208,406.8,12.2,419.0
2017-09-25,有效发票,A03091,31928270,342675.21,58254.78999999999,400930.0
2017-09-27,有效发票,A01903,331214,405.66,24.34,430.0
2017-09-27,有效发票,A03214,14874029,2289.74,389.26,2679.0
2017-09-27,有效发票,A03874,32849104,30125.480000000003,1807.52,31933.0
2017-09-28,作废发票,A06131,40181581,74986.79,4499.21,79486.0
2017-09-28,有效发票,A03305,187914048,115483133.28999998,19632132.710000005,135115266.0
2017-09-28,有效发票,A07155,7369591,441.51,26.49,468.0
2017-09-29,有效发票,A03305,3610724,129348261.61999999,21989204.380000003,151337466.0
2017-09-30,有效发票,A03305,833268,8292222.2,1409677.7999999998,9701900.0
2017-09-30,有效发票,A03740,115907,632.08,37.92,670.0
2017-09-30,有效发票,A06131,52057588,74986.79000000001,4499.21,79486.0
2017-10-02,有效发票,A01903,331230,334.91,20.09,355.0
2017-10-04,作废发票,A01903,331235,306.6,18.4,325.0
2017-10-07,作废发票,A11189,3682656,4179.78,509.12,4688.9
2017-10-07,有效发票,A05624,5565434,2025.24,60.76,2086.0
2017-10-08,有效发票,A11189,1227554,1500.53,165.07,1665.6
2017-10-11,作废发票,A13842,7215420,412.62,12.38,425.0
2017-10-11,有效发票,A07665,75509406,996.12,29.88,1026.0
2017-10-12,有效发票,A03874,14470986,471.7,28.3,500.0
2017-10-12,有效发票,A07421,5471765,281.13,16.87,298.0
2017-10-12,有效发票,A08173,23431443,131.07,3.93,135.0
2017-10-12,有效发票,A13842,7215425,699.03,20.97,720.0
2017-10-13,有效发票,A13447,17862838,442.72,13.28,456.0
2017-10-14,有效发票,A02096,5840546,4716.98,283.02,5000.0
2017-10-16,有效发票,A03126,1612169,7863.25,1336.75,9200.0
2017-10-17,有效发票,A05617,14996426,81047.18,4862.82,85910.0
2017-10-17,有效发票,A07567,5505041,402.56,68.44,471.0
2017-10-17,有效发票,A11150,3736472,22584.9,1355.1,23940.0
2017-10-18,有效发票,A11336,10807229,4276.92,727.08,5004.0
2017-10-18,有效发票,A13894,25071208,280.58,8.42,289.0
2017-10-19,有效发票,A06038,20463180,299.15,50.85,350.0
2017-10-19,有效发票,A06909,23210309,170.94,29.06,200.0
2017-10-19,有效发票,A11189,6602588,1097.3,120.7,1218.0
2017-10-20,有效发票,A07718,654397,1472.83,88.37,1561.2
2017-10-24,有效发票,A08755,7703111,4230.77,719.23,4950.0
2017-10-25,有效发票,A08318,21887538,182.52,5.48,188.0
2017-10-25,有效发票,A11349,11401679,492.23,14.77,507.0
2017-10-26,有效发票,A03305,28388335,93294871.78,15860128.22,109155000.0
2017-10-27,有效发票,A00874,7989568,1066.04,63.96,1130.0
2017-10-27,有效发票,A03305,48260399,76993744.5,13088936.5,90082681.0
2017-10-30,有效发票,A03733,11800994,81983.01999999999,4918.9800000000005,86902.0
2017-10-30,有效发票,A06721,25929334,75.73,2.27,78.0
2017-10-30,有效发票,A07672,22760261,485.44,14.56,500.0
2017-11-01,有效发票,A12166,14581084,42975.479999999996,2578.52,45554.0
2017-11-02,有效发票,A06909,23214250,170.94,29.06,200.0
2017-11-03,有效发票,A05527,30924171,104877.36,6292.64,111170.0
2017-11-03,有效发票,A12117,6224503,1607.62,80.38,1688.0
2017-11-07,有效发票,A06623,4434564,4380.58,131.42,4512.0
2017-11-07,有效发票,A06909,18017360,170.94,29.06,200.0
2017-11-07,有效发票,A07644,19686419,564.15,33.85,598.0
2017-11-08,有效发票,A13733,28105035,287.38,8.62,296.0
2017-11-09,有效发票,A02980,13946485,1030.19,61.81,1092.0
2017-11-10,有效发票,A07244,837316,1205128.21,204871.79,1410000.0
2017-11-10,有效发票,A13455,14545595,962.87,129.03,1091.9
2017-11-10,有效发票,A13789,28100463,400.97,12.03,413.0
2017-11-11,有效发票,A12183,26104816,188.68,11.32,200.0
2017-11-12,有效发票,A06038,20552470,196.58,33.42,230.0
2017-11-13,有效发票,A00568,20312635,290.6,49.4,340.0
2017-11-13,有效发票,A07619,8792025,2564.1000000000004,435.90000000000003,3000.0
2017-11-13,有效发票,A09106,426029,1033.33,175.67,1209.0
2017-11-14,有效发票,A00908,24177657,541.03,91.97,633.0
2017-11-15,有效发票,A00314,131143,31816.15,1908.96,33725.11
2017-11-15,有效发票,A07718,2786214,1211.79,72.71,1284.5
2017-11-18,有效发票,A03552,4909561,8883.74,1263.26,10147.0
2017-11-18,有效发票,A13144,13623147,266.02,7.98,274.0
2017-11-19,有效发票,A01706,42492288,583.02,34.98,618.0
2017-11-19,有效发票,A13197,25676091,670.87,20.13,691.0
2017-11-21,有效发票,A06909,25879318,170.94,29.06,200.0
2017-11-21,有效发票,A07242,25792652,170.94,29.06,200.0
2017-11-21,有效发票,A13394,6440346,2964.1,503.9,3468.0
2017-11-23,作废发票,A06945,23563822,713.59,21.41,735.0
2017-11-23,有效发票,A06945,23563823,713.59,21.41,735.0
2017-11-26,有效发票,A06038,26770240,299.15,50.85,350.0
2017-11-27,有效发票,A09291,25902455,282.05,47.95,330.0
2017-11-28,有效发票,A03305,51099661,176873658.96,30068522.04,206942181.0
2017-11-28,有效发票,A12711,15676579,703.88,21.12,725.0
2017-11-29,有效发票,A03305,25548948,-39900553.86999999,-6783094.129999999,-46683648.0
2017-11-30,有效发票,A03305,44785002,119757845.30999997,20358833.69,140116679.0
2017-11-30,有效发票,A05405,40729755,693.2,20.8,714.0
2017-11-30,有效发票,A05891,21320313,166.67,28.33,195.0
2017-11-30,有效发票,A09407,3969702,22000.0,0.0,22000.0
2017-11-30,有效发票,A13557,24823676,209.71,6.29,216.0
2017-12-01,有效发票,A06487,125309,2675.47,160.53,2836.0
2017-12-01,有效发票,A08944,25463278,208.49,12.51,221.0
2017-12-02,有效发票,A09920,16823166,191.26,5.74,197.0
2017-12-02,有效发票,A13655,25355273,79.61,2.39,82.0
2017-12-04,有效发票,A06909,23217656,256.41,43.59,300.0
2017-12-05,有效发票,A00882,3708262,191.45,32.55,224.0
2017-12-05,有效发票,A05991,33219469,170.94,29.06,200.0
2017-12-06,有效发票,A13447,17955555,576.7,17.3,594.0
2017-12-07,有效发票,A09291,28563221,282.05,47.95,330.0
2017-12-11,有效发票,A05891,21322554,149.57,25.43,175.0
2017-12-11,有效发票,A13197,25686087,522.33,15.67,538.0
2017-12-12,有效发票,A02274,37692911,169.81,10.19,180.0
2017-12-13,作废发票,A09581,8929488,7547.17,452.83,8000.0
2017-12-13,有效发票,A09581,163445085,53816.99999999999,3229.0,57046.0
2017-12-14,有效发票,A00969,8281813,1000.49,153.51,1154.0
2017-12-14,有效发票,A05991,33233591,256.41,43.59,300.0
2017-12-14,有效发票,A07718,9357699,1961.42,117.68,2079.1
2017-12-15,有效发票,A05396,11938560,339.81,10.19,350.0
2017-12-15,有效发票,A12387,2250686,6592.24,197.76,6790.0
2017-12-18,有效发票,A00520,34109289,256.94,43.68,300.62
2017-12-18,有效发票,A05891,21324181,149.57,25.43,175.0
2017-12-18,有效发票,A06204,122171374,3879.6,116.4,3996.0
2017-12-19,有效发票,A06909,25885823,170.94,29.06,200.0
2017-12-19,有效发票,A09546,1157488,1135.92,34.08,1170.0
2017-12-20,有效发票,A07644,12537340,471.7,28.3,500.0
2017-12-20,有效发票,A09291,28736445,290.6,49.4,340.0
2017-12-21,有效发票,A02267,619044461,640622.9299999999,726.0699999999999,641349.0
2017-12-21,有效发票,A07644,32224556,1031.1299999999999,61.870000000000005,1093.0
2017-12-21,有效发票,A13568,21001076,342.72,10.28,353.0
2017-12-22,有效发票,A01446,3731903,718.45,21.55,740.0
2017-12-22,有效发票,A05891,2770010,256.41,43.59,300.0
2017-12-22,有效发票,A08728,31405142,9708.74,291.26,10000.0
2017-12-23,有效发票,A08704,1478393,148.54,4.46,153.0
2017-12-24,有效发票,A02008,3253835,438.83,13.17,452.0
2017-12-24,有效发票,A06038,53660183,1707.7,290.3,1998.0
2017-12-24,有效发票,A13197,39800585,873.79,26.21,900.0
2017-12-25,有效发票,A05891,2714167,170.94,29.06,200.0
2017-12-26,有效发票,A01526,31246188,241.51,14.49,256.0
2017-12-26,有效发票,A06204,30522193,168.93,5.07,174.0
2017-12-27,有效发票,A03305,14928430,30917173.540000003,5255919.460000001,36173093.0
2017-12-27,有效发票,A09291,32153385,188.03,31.97,220.0
2017-12-27,有效发票,A09656,25544467,477.67,14.33,492.0
2017-12-28,有效发票,A00314,132748,1584.91,95.09,1680.0
2017-12-28,有效发票,A03305,11196339,-25641025.650000002,-4358974.35,-30000000.0
2017-12-28,有效发票,A05409,12018171,1962.26,117.74,2080.0
2017-12-28,有效发票,A05891,5543265,434.96000000000004,73.94,508.9
2017-12-29,有效发票,A03305,55981890,149782073.48,25462952.520000003,175245026.0
2017-12-29,有效发票,A06740,21758523,2035.85,122.15,2158.0
2017-12-30,有效发票,A03305,3732134,9992675.21,1698754.79,11691430.0
2018-01-01,有效发票,A07051,29898512,186.32,31.68,218.0
2018-01-02,有效发票,A05891,3520127,170.94,29.06,200.0
2018-01-03,有效发票,A00610,44601582,170.94,29.06,200.0
2018-01-03,有效发票,A03214,7904146,1550.43,263.57,1814.0
2018-01-03,有效发票,A05891,2772987,342.74,58.26,401.0
2018-01-03,有效发票,A13447,18056339,192.23,5.77,198.0
2018-01-05,有效发票,A06265,43623668,41.75,1.25,43.0
2018-01-05,有效发票,A06909,32101040,170.94,29.06,200.0
2018-01-05,有效发票,A10815,26730163,258.25,7.75,266.0
2018-01-06,有效发票,A13116,7490255,3106.8,93.2,3200.0
2018-01-08,作废发票,A13197,44520528,368.93,11.07,380.0
2018-01-08,有效发票,A13197,44520529,368.93,11.07,380.0
2018-01-09,有效发票,A03257,6260229,2314.15,138.85,2453.0
2018-01-10,有效发票,A02016,23270299,224.27,6.73,231.0
2018-01-11,有效发票,A07517,24864121,87.38,2.62,90.0
2018-01-12,有效发票,A07517,24864123,165.05,4.95,170.0
2018-01-13,有效发票,A06204,43671140,170.87,5.13,176.0
2018-01-13,有效发票,A09291,45426427,252.37,42.91,295.28
2018-01-15,有效发票,A06909,25890426,256.41,43.59,300.0
2018-01-15,有效发票,A07242,32291861,135.92,4.08,140.0
2018-01-15,有效发票,A07567,9452370,453.85,77.15,531.0
2018-01-15,有效发票,A07644,12537400,413.21,24.79,438.0
2018-01-16,有效发票,A07644,23854817,516.98,31.02,548.0
2018-01-18,有效发票,A07718,11837287,1349.62,80.98,1430.6
2018-01-19,有效发票,A13702,1796617,895.05,26.85,921.9
2018-01-23,有效发票,A07528,32240902,358.97,61.03,420.0
2018-01-24,有效发票,A05891,2778593,188.03,31.97,220.0
2018-01-24,有效发票,A09291,45429570,450.43,76.57,527.0
2018-01-24,有效发票,A13734,44373743,203.88,6.12,210.0
2018-01-28,有效发票,A05891,3491536,170.94,29.06,200.0
2018-01-28,有效发票,A13116,28421733,240.78,7.22,248.0
2018-01-29,有效发票,A03305,26003880,-10348589.750000002,-1759260.25,-12107850.0
2018-01-29,有效发票,A09195,11569916,5613.21,336.79,5950.0
2018-01-30,有效发票,A03305,95347692,99761208.56,16959405.439999998,116720614.0
2018-01-30,有效发票,A05891,3695447,141.88,24.12,166.0
2018-01-30,有效发票,A06858,44179740,203.88,6.12,210.0
2018-01-31,作废发票,A03305,8667979,6571969.23,1117234.77,7689204.0
2018-01-31,有效发票,A03142,4420533,37735.85,2264.15,40000.0
2018-01-31,有效发票,A03305,52007888,28976979.580000002,4926086.42,33903066.0
2018-01-31,有效发票,A09291,45407645,258.97,44.03,303.0
2018-02-01,作废发票,A02081,25809994,541.75,16.25,558.0
2018-02-01,有效发票,A02081,25809995,541.75,16.25,558.0
2018-02-02,有效发票,A03142,4420534,37735.85,2264.15,40000.0
2018-02-02,有效发票,A06315,22745274,419.42,12.58,432.0
2018-02-02,有效发票,A09196,7562832,1367.92,82.08,1450.0
2018-02-02,有效发票,A10819,44416586,1249.51,37.49,1287.0
2018-02-03,有效发票,A01927,35351436,153.4,4.6,158.0
2018-02-04,有效发票,A08835,66959478,2233.0,67.0,2300.0
2018-02-04,有效发票,A13197,45342591,1685.43,50.56999999999999,1736.0
2018-02-05,有效发票,A06374,45804428,376.07,63.93,440.0
2018-02-05,有效发票,A13197,25666671,215.53,6.47,222.0
2018-02-06,有效发票,A03142,4420535,-37735.85,-2264.15,-40000.0
2018-02-07,有效发票,A09291,45409316,173.45,29.48,202.93
2018-02-08,有效发票,A05891,3698513,269.23,45.77,315.0
2018-02-12,有效发票,A01903,8581967,398.06,11.94,410.0
2018-02-12,有效发票,A06204,47091099,119.42,3.58,123.0
2018-02-13,有效发票,A01714,35736936,334.95,10.05,345.0
2018-02-13,有效发票,A05891,3079844,367.52,62.48,430.0
2018-02-13,有效发票,A06374,28088977,162.39,27.61,190.0
2018-02-13,有效发票,A07242,47175009,170.94,29.06,200.0
2018-02-13,有效发票,A10104,1321158,307.77,9.23,317.0
2018-02-14,有效发票,A09291,48006974,206.84,35.16,242.0
2018-02-17,有效发票,A03850,10472627,1520.75,91.25,1612.0
2018-02-18,有效发票,A06204,47017891,74.76,2.24,77.0
2018-02-19,有效发票,A06369,27399346,249.51,7.49,257.0
2018-02-21,有效发票,A05891,3083063,273.5,46.5,320.0
2018-02-21,有效发票,A13733,50240428,182.52,5.48,188.0
2018-02-22,有效发票,A06374,28092576,170.94,29.06,200.0
2018-02-23,有效发票,A13769,21232484,163.11,4.89,168.0
2018-02-24,有效发票,A09291,48007764,309.01,52.53,361.54
2018-02-24,有效发票,A11691,32671631,114.56,3.44,118.0
2018-02-24,有效发票,A13447,17337444,192.23,5.77,198.0
2018-02-25,有效发票,A13104,46966426,524.27,15.73,540.0
2018-02-25,有效发票,A13447,17337450,260.19,7.81,268.0
2018-02-26,作废发票,A07718,12431656,3318.3,199.1,3517.4
2018-02-26,有效发票,A07718,12431658,3318.3,199.1,3517.4
2018-02-27,有效发票,A03305,112684091,116484544.36,19802372.640000004,136286917.0
2018-02-28,作废发票,A13769,21232513,172.82,5.18,178.0
2018-02-28,有效发票,A03305,34672062,39852564.11,6774935.89,46627500.0
2018-02-28,有效发票,A13655,23602579,121.36,3.64,125.0
2018-02-28,有效发票,A13769,21232514,172.82,5.18,178.0
2018-03-01,有效发票,A02035,22301110,1287.38,38.62,1326.0
2018-03-02,有效发票,A00370,87503878,170.94,29.06,200.0
2018-03-02,有效发票,A05891,3945618,307.69,52.31,360.0
2018-03-02,有效发票,A06372,27440499,171.79,29.21,201.0
2018-03-02,有效发票,A08657,26461943,1713.21,102.79,1816.0
2018-03-02,有效发票,A13734,443738885,9708.7,291.3,10000.0
2018-03-04,有效发票,A00370,86855049,329.06,55.94,385.0
2018-03-05,有效发票,A02988,11190744,16550.43,2813.57,19364.0
2018-03-06,有效发票,A05891,3088269,367.52,62.48,430.0
2018-03-06,有效发票,A13873,44160496,133.01,3.99,137.0
2018-03-07,有效发票,A09291,48009929,251.28,42.72,294.0
2018-03-08,有效发票,A03727,18622404,801.89,48.11,850.0
2018-03-08,有效发票,A06374,45168523,170.94,29.06,200.0
2018-03-08,有效发票,A06909,48054968,170.94,29.06,200.0
2018-03-09,有效发票,A06839,2429800,7687.18,1306.82,8994.0
2018-03-10,有效发票,A00370,32586049,170.94,29.06,200.0
2018-03-10,有效发票,A05891,3709442,170.94,29.06,200.0
2018-03-11,有效发票,A00370,87695430,292.31,49.69,342.0
2018-03-12,有效发票,A06258,50775696,299.03,8.97,308.0
2018-03-12,有效发票,A06909,48056547,170.94,29.06,200.0
2018-03-13,有效发票,A03142,4439156,448.58,26.91,475.49
2018-03-14,有效发票,A06785,47958793,307.69,52.31,360.0
2018-03-15,有效发票,A00370,36282172,170.94,29.06,200.0
2018-03-15,有效发票,A06330,28775858,347.17,20.83,368.0
2018-03-17,有效发票,A09936,43542163,189.32,5.68,195.0
2018-03-18,有效发票,A06212,94234607,291.26,8.74,300.0
2018-03-19,有效发票,A00370,103155407,777.78,132.22,910.0
2018-03-19,有效发票,A02994,2890810,22307.69,3792.31,26100.0
2018-03-19,有效发票,A05891,7448035,615.38,104.61999999999999,720.0
2018-03-19,有效发票,A12500,1750426,291.26,8.74,300.0
2018-03-20,有效发票,A00370,68819850,562.4,95.6,658.0
2018-03-20,有效发票,A07718,13832894,1503.49,90.21,1593.7
2018-03-21,有效发票,A00370,36354429,329.06,55.94,385.0
2018-03-21,有效发票,A13892,88592003,221.36,6.64,228.0
2018-03-22,有效发票,A09291,48037731,284.62,48.38,333.0
2018-03-22,有效发票,A13747,44298530,319.42,9.58,329.0
2018-03-23,有效发票,A01830,35731335,150.48,7.52,158.0
2018-03-24,有效发票,A02035,2959271,426.21,12.79,439.0
2018-03-24,有效发票,A03100,49589913,102.91,3.09,106.0
2018-03-25,有效发票,A00370,34763704,323.93,55.07,379.0
2018-03-25,有效发票,A13447,17540031,581.55,17.45,599.0
2018-03-26,有效发票,A06204,47072263,100.0,3.0,103.0
2018-03-27,有效发票,A00370,70997453,645.3,109.7,755.0
2018-03-28,有效发票,A03305,62969922,89846111.11,15273838.89,105119950.0
2018-03-28,有效发票,A06909,48060714,320.51,54.49,375.0
2018-03-29,有效发票,A00370,33655953,358.98,61.02,420.0
2018-03-29,有效发票,A03305,118943423,69026356.39,11734480.61,80760837.0
2018-03-29,有效发票,A06204,16393510,869.9,26.1,896.0
2018-03-29,有效发票,A06909,48061074,256.41,43.59,300.0
2018-03-29,有效发票,A07555,48199943,151.46,4.54,156.0
2018-03-29,有效发票,A13447,17540064,803.88,24.12,828.0
2018-03-30,有效发票,A02035,2959274,284.47,8.53,293.0
2018-03-30,有效发票,A05891,5131212,179.49,30.51,210.0
2018-03-31,有效发票,A03305,62970165,89857314.56,15275743.44,105133058.0
2018-04-01,有效发票,A00370,32983128,341.87,58.13,400.0
2018-04-02,有效发票,A05891,4083171,85.47,14.53,100.0
2018-04-02,有效发票,A06372,54970411,427.35,72.65,500.0
2018-04-03,有效发票,A06909,32149758,170.94,29.06,200.0
2018-04-03,有效发票,A09106,8641877,2645.3,449.70000000000005,3095.0
2018-04-03,有效发票,A13557,72935769,926.21,27.79,954.0
2018-04-04,有效发票,A06204,16419422,88.35,2.65,91.0
2018-04-04,有效发票,A09291,11805774,275.43,46.83,322.26
2018-04-05,有效发票,A00370,87171472,358.97,61.03,420.0
2018-04-05,有效发票,A08648,293404065,40284.91,2417.09,42702.0
2018-04-06,有效发票,A00370,103266141,760.6800000000001,129.32,890.0
2018-04-06,有效发票,A13796,25092922,264.08,7.92,272.0
2018-04-06,有效发票,A13845,25093490,251.46,7.54,259.0
2018-04-07,有效发票,A07242,39495960,302.01,32.99,335.0
2018-04-08,有效发票,A13116,21363339,406.0,12.18,418.18
2018-04-09,有效发票,A00370,32681001,350.42,59.58,410.0
2018-04-09,有效发票,A06909,11750783,170.94,29.06,200.0
2018-04-09,有效发票,A13447,17540149,265.05,7.95,273.0
2018-04-09,有效发票,A13873,44378882,145.63,4.37,150.0
2018-04-10,有效发票,A00370,36011003,393.16,66.84,460.0
2018-04-10,有效发票,A05891,3509032,235.04,39.96,275.0
2018-04-12,有效发票,A00882,50591277,341.88,58.12,400.0
2018-04-12,有效发票,A06204,50772631,275.73,8.27,284.0
2018-04-13,有效发票,A00370,77914437,170.94,29.06,200.0
2018-04-13,有效发票,A10133,7418011,0.3,0.0,0.3
2018-04-14,有效发票,A02832,18616074,341.88,58.12,400.0
2018-04-14,有效发票,A07242,27539981,350.43,59.57,410.0
2018-04-14,有效发票,A12807,28876753,539.81,16.19,556.0
2018-04-15,有效发票,A00370,77231201,188.03,31.97,220.0
2018-04-16,有效发票,A00370,234476103,367.51,62.49,430.0
2018-04-16,有效发票,A01038,34791830,143.69,4.31,148.0
2018-04-16,有效发票,A06266,32776843,1234.95,37.05,1272.0
2018-04-17,有效发票,A03305,6996693,-176000.0,-29920.0,-205920.0
2018-04-17,有效发票,A05891,5142678,307.69,52.31,360.0
2018-04-17,有效发票,A06909,11753915,170.94,29.06,200.0
2018-04-17,有效发票,A07242,27540848,256.41,43.59,300.0
2018-04-18,作废发票,A06374,14028171,256.41,43.59,300.0
2018-04-18,有效发票,A00370,230804766,965.64,164.14999999999998,1129.79
2018-04-18,有效发票,A06374,14028173,256.41,43.59,300.0
2018-04-18,有效发票,A06410,25028678,1941.75,58.25,2000.0
2018-04-18,有效发票,A09291,11809454,258.12,43.88,302.0
2018-04-19,有效发票,A00370,77542404,170.94,29.06,200.0
2018-04-19,有效发票,A09256,12526794,310.38,18.62,329.0
2018-04-19,有效发票,A13734,149742929,6796.09,203.91,7000.0
2018-04-20,有效发票,A13212,49322374,440.78,13.22,454.0
2018-04-22,有效发票,A03046,12096600,186.41,5.59,192.0
2018-04-23,有效发票,A09920,12505271,893.2,26.8,920.0
2018-04-24,有效发票,A00370,77355089,170.94,29.06,200.0
2018-04-25,有效发票,A00370,143933061,688.03,116.97,805.0
2018-04-25,有效发票,A09920,27483377,96.12,2.88,99.0
2018-04-26,有效发票,A00370,69286305,495.75,84.28,580.03
2018-04-26,有效发票,A03305,13603653,60901960.660000004,10353333.339999998,71255294.0
2018-04-26,有效发票,A06372,27527111,256.41,43.59,300.0
2018-04-26,有效发票,A06909,11757088,170.94,29.06,200.0
2018-04-26,有效发票,A07751,29519889,19708.739999999998,591.26,20300.0
2018-04-26,有效发票,A13557,13617529,932.04,27.96,960.0
2018-04-27,有效发票,A00370,68459573,652.99,111.01,764.0
2018-04-27,有效发票,A06793,47394326,1227.36,73.64,1301.0
2018-04-28,有效发票,A00370,157547045,495.90999999999997,84.31,580.22
2018-04-28,有效发票,A03305,38868170,199152161.57,33855867.43000001,233008029.0
2018-04-28,有效发票,A09936,12602734,136.89,4.11,141.0
2018-04-30,有效发票,A00370,33213741,85.47,14.53,100.0
2018-04-30,有效发票,A07483,23893729,170.94,29.06,200.0
2018-04-30,有效发票,A08841,26548055,1456.31,43.69,1500.0
2018-04-30,有效发票,A12791,13221972,1173.79,35.21,1209.0
2018-05-01,有效发票,A00370,78122331,352.16,56.34,408.5
2018-05-01,有效发票,A09291,11812408,297.83,47.65,345.48
2018-05-02,有效发票,A00370,67238111,392.23,62.769999999999996,455.0
2018-05-02,有效发票,A00587,46264637,293.1,46.9,340.0
2018-05-02,有效发票,A06372,27432313,258.62,41.38,300.0
2018-05-02,有效发票,A06909,48062699,172.41,27.59,200.0
2018-05-02,有效发票,A13197,14075317,205.83,6.17,212.0
2018-05-02,有效发票,A13557,13476052,1941.75,58.25,2000.0
2018-05-03,有效发票,A13447,7814627,192.23,5.77,198.0
2018-05-04,作废发票,A03874,18051405,1632.07,97.93,1730.0
2018-05-04,有效发票,A06232,24030611,160.19,4.81,165.0
2018-05-04,有效发票,A09196,17652139,719.81,43.19,763.0
2018-05-04,有效发票,A12800,23878890,259.22,7.78,267.0
2018-05-04,有效发票,A13769,17506771,168.93,5.07,174.0
2018-05-05,有效发票,A00370,156977942,561.0,89.75,650.75
2018-05-05,有效发票,A13116,12160557,133.98,4.02,138.0
2018-05-07,有效发票,A00370,156587560,512.9399999999999,82.06,595.0
2018-05-07,有效发票,A13116,56510886,6844.68,205.32,7050.0
2018-05-07,有效发票,A13733,21377781,283.5,8.5,292.0
2018-05-08,有效发票,A00370,77773062,172.41,27.59,200.0
2018-05-09,有效发票,A00370,78067713,172.41,27.59,200.0
2018-05-09,有效发票,A13447,7814669,192.23,5.77,198.0
2018-05-09,有效发票,A13733,21364815,162.14,4.86,167.0
2018-05-10,有效发票,A06372,27538746,172.42,27.58,200.0
2018-05-10,有效发票,A06909,11760441,258.62,41.38,300.0
2018-05-11,有效发票,A00370,78329500,172.42,27.58,200.0
2018-05-11,有效发票,A02383,68704225,302.59,48.41,351.0
2018-05-11,有效发票,A06545,21919016,163.11,4.89,168.0
2018-05-11,有效发票,A09656,23218183,640.78,19.22,660.0
2018-05-11,有效发票,A13842,35068673,4543.7,136.3,4680.0
2018-05-12,有效发票,A00370,33693638,413.79,66.21,480.0
2018-05-12,有效发票,A06877,46599054,485.44,14.56,500.0
2018-05-12,有效发票,A13590,13484090,410.68,12.32,423.0
2018-05-13,有效发票,A00370,155068664,544.53,87.12,631.65
2018-05-13,有效发票,A03914,49630142,108.49,6.51,115.0
2018-05-13,有效发票,A09291,22890321,289.65,46.35,336.0
2018-05-14,有效发票,A00370,33696497,172.42,27.58,200.0
2018-05-14,有效发票,A06909,11761950,258.62,41.38,300.0
2018-05-14,有效发票,A07481,15651197,172.41,27.59,200.0
2018-05-15,有效发票,A03533,18426132,3000.0,0.0,3000.0
2018-05-15,有效发票,A06372,27541437,312.07,49.93,362.0
2018-05-18,有效发票,A00370,155720930,275.87,44.129999999999995,320.0
2018-05-18,有效发票,A05891,92979389,172.41,27.59,200.0
2018-05-19,有效发票,A13447,7814765,192.23,5.77,198.0
2018-05-20,有效发票,A00370,34099945,310.41,49.67,360.08
2018-05-20,有效发票,A05891,92985538,185.34,29.66,215.0
2018-05-20,有效发票,A06410,13798623,2912.62,87.38,3000.0
2018-05-21,有效发票,A00370,77986215,293.1,46.9,340.0
2018-05-22,有效发票,A01053,36628466,349.14,55.86,405.0
2018-05-22,有效发票,A09291,22892502,290.52,46.48,337.0
2018-05-23,有效发票,A00370,78945217,258.62,41.38,300.0
2018-05-23,有效发票,A07313,20940852,1291.26,38.74,1330.0
2018-05-23,有效发票,A12419,51639455,184.47,5.53,190.0
2018-05-23,有效发票,A13452,7851226,349.51,10.49,360.0
2018-05-23,有效发票,A13734,212094705,9708.7,291.3,10000.0
2018-05-24,有效发票,A00370,113663966,314.65999999999997,50.339999999999996,365.0
2018-05-24,有效发票,A06909,48064265,172.41,27.59,200.0
2018-05-25,有效发票,A00370,77994544,215.84,34.54,250.38
2018-05-25,有效发票,A03346,17111228,5074.14,811.86,5886.0
2018-05-25,有效发票,A06470,5065083,0.02,0.0,0.02
2018-05-25,有效发票,A12807,23601607,193.2,5.8,199.0
2018-05-26,有效发票,A08808,21643517,291.26,8.74,300.0
2018-05-26,有效发票,A09936,25308305,1253.3899999999999,37.61,1291.0
2018-05-26,有效发票,A13197,24400723,285.44,8.56,294.0
2018-05-27,有效发票,A00370,78357388,258.62,41.38,300.0
2018-05-28,有效发票,A00370,112250353,633.62,101.38,735.0
2018-05-28,有效发票,A03626,27096734,264.15,15.85,280.0
2018-05-29,作废发票,A03305,11660703,49462116.62,8209855.38,57671972.0
2018-05-29,有效发票,A03626,27097634,264.15,15.85,280.0
2018-05-29,有效发票,A06909,48064534,258.62,41.38,300.0
2018-05-29,有效发票,A07567,575573,500.86,80.14,581.0
2018-05-30,作废发票,A03305,38106042,103061705.98,17520490.020000003,120582196.0
2018-05-30,有效发票,A00370,114553931,655.1700000000001,104.83000000000001,760.0
2018-05-30,有效发票,A03305,13800917,55156995.69,8825119.31,63982115.0
2018-05-31,作废发票,A03305,4083639,4273365.83,726472.17,4999838.0
2018-05-31,有效发票,A03305,61254689,139212800.04999998,22274047.950000003,161486848.0
2018-05-31,有效发票,A13447,7927537,192.23,5.77,198.0
2018-06-01,有效发票,A05891,93029958,172.41,27.59,200.0
2018-06-02,有效发票,A07242,23362448,97.09,2.91,100.0
2018-06-03,有效发票,A08074,50418390,328.16,9.84,338.0
2018-06-04,有效发票,A00370,34469059,437.78,70.05,507.83
2018-06-05,有效发票,A00314,5670505,3705.61,222.33,3927.94
2018-06-05,有效发票,A00370,34844085,414.65,66.35,481.0
2018-06-05,有效发票,A05891,93047207,198.28,31.72,230.0
2018-06-05,有效发票,A06372,27608448,252.59,40.41,293.0
2018-06-05,有效发票,A06451,2459654,251.72,40.28,292.0
2018-06-05,有效发票,A06909,22868762,344.83,55.17,400.0
2018-06-06,有效发票,A13197,22515427,100.97,3.03,104.0
2018-06-06,有效发票,A13447,7927591,192.23,5.77,198.0
2018-06-07,有效发票,A06372,27609945,172.42,27.58,200.0
2018-06-07,有效发票,A07413,24218680,347.41,55.59,403.0
2018-06-08,有效发票,A05891,93059689,172.41,27.59,200.0
2018-06-08,有效发票,A06767,16601047,4866.04,291.96,5158.0
2018-06-11,有效发票,A00370,229546188,854.48,136.71,991.19
2018-06-11,有效发票,A05891,84446203,353.45,56.55,410.0
2018-06-12,有效发票,A06372,27562063,172.41,27.59,200.0
2018-06-13,有效发票,A00370,140436688,608.23,97.31,705.54
2018-06-13,有效发票,A07461,23239284,172.41,27.59,200.0
2018-06-13,有效发票,A13447,7927645,226.21,6.79,233.0
2018-06-14,有效发票,A03214,18273577,1027.59,164.41,1192.0
2018-06-14,有效发票,A06909,22872092,172.41,27.59,200.0
2018-06-14,有效发票,A13733,24934008,637.86,19.14,657.0
2018-06-15,有效发票,A13830,24932139,121.36,3.64,125.0
2018-06-16,有效发票,A00370,75525340,112.06,17.94,130.0
2018-06-16,有效发票,A03850,20367518,318.87,19.13,338.0
2018-06-16,有效发票,A06372,27615620,258.62,41.38,300.0
2018-06-16,有效发票,A07242,22202824,877.36,52.64,930.0
2018-06-16,有效发票,A09196,35305415,11952.83,717.17,12670.0
2018-06-17,有效发票,A00370,80382465,120.9,19.34,140.24
2018-06-17,有效发票,A06677,49073661,7339.63,440.37,7780.0
2018-06-18,有效发票,A00370,72162122,120.69,19.31,140.0
2018-06-18,有效发票,A03850,20367522,432.08,25.92,458.0
2018-06-19,有效发票,A00370,72163419,120.69,19.31,140.0
2018-06-19,有效发票,A06909,22873755,327.59,52.41,380.0
2018-06-20,有效发票,A00370,152464732,579.3,92.7,672.0
2018-06-20,有效发票,A09291,32049404,822.41,131.59,954.0
2018-06-21,有效发票,A00370,73480016,168.1,26.9,195.0
2018-06-21,有效发票,A06909,22874483,258.62,41.38,300.0
2018-06-21,有效发票,A13447,7927702,192.23,5.77,198.0
2018-06-22,有效发票,A00370,73480761,224.14,35.86,260.0
2018-06-22,有效发票,A01903,8586090,427.18,12.82,440.0
2018-06-22,有效发票,A08904,19537799,358.49,21.51,380.0
2018-06-22,有效发票,A09920,12658329,491.26,14.74,506.0
2018-06-23,有效发票,A00370,75550329,120.69,19.31,140.0
2018-06-23,有效发票,A01903,8586091,1699.03,50.97,1750.0
2018-06-23,有效发票,A01915,8587372,1669.9,50.1,1720.0
2018-06-24,有效发票,A00370,74593105,172.42,27.58,200.0
2018-06-24,有效发票,A05537,6668068,453.45,72.55,526.0
2018-06-25,有效发票,A02983,18576019,5665.09,339.91,6005.0
2018-06-25,有效发票,A06470,23290212,1500.0,0.0,1500.0
2018-06-25,有效发票,A06909,22875851,258.62,41.38,300.0
2018-06-25,有效发票,A13734,24917594,330.1,9.9,340.0
2018-06-26,有效发票,A00678,24161226,353.45,56.55,410.0
2018-06-26,有效发票,A02983,37152065,13207.54,792.46,14000.0
2018-06-26,有效发票,A06372,27621459,258.62,41.38,300.0
2018-06-27,有效发票,A00370,72411607,86.2,13.8,100.0
2018-06-27,有效发票,A13447,7927746,192.23,5.77,198.0
2018-06-27,有效发票,A13734,249269653,9708.7,291.3,10000.0
2018-06-28,有效发票,A00370,149339941,570.6800000000001,91.32,662.0
2018-06-28,有效发票,A03305,69423053,162369493.10000005,25979118.900000002,188348612.0
2018-06-29,作废发票,A03305,4083730,9993183.62,1598909.38,11592093.0
2018-06-29,有效发票,A03305,54498202,219668336.20000005,35146933.800000004,254815270.0
2018-06-29,有效发票,A05891,166333240,344.82,55.18,400.0
2018-06-29,有效发票,A06372,27672648,172.42,27.58,200.0
2018-06-29,有效发票,A06451,2470490,261.21,41.79,303.0
2018-06-29,有效发票,A06676,24400050,442.72,13.28,456.0
2018-06-29,有效发票,A09283,22305999,377.67,11.33,389.0
2018-06-29,有效发票,A13655,25367497,60.0,0.0,60.0
2018-06-30,有效发票,A09291,31973633,256.9,41.1,298.0
2018-07-01,有效发票,A00370,74997750,172.41,27.59,200.0
2018-07-02,有效发票,A00370,74998321,397.42,63.58,461.0
2018-07-03,有效发票,A06909,32082084,172.41,27.59,200.0
2018-07-04,有效发票,A00370,72423115,347.93,55.67,403.6
2018-07-04,有效发票,A03142,4439158,2208.02,132.48,2340.5
2018-07-05,有效发票,A00370,264973653,1098.33,175.74,1274.07
2018-07-05,有效发票,A07242,30174979,349.14,55.86,405.0
2018-07-05,有效发票,A08827,36059364,85533.99,2566.01,88100.0
2018-07-06,有效发票,A00370,79869388,172.42,27.58,200.0
2018-07-06,有效发票,A02282,84545747,293.1,46.9,340.0
2018-07-06,有效发票,A06372,27627112,392.24,62.76,455.0
2018-07-06,有效发票,A07400,1538575,679.61,20.39,700.0
2018-07-07,有效发票,A00370,37770186,337.93,54.07,392.0
2018-07-07,有效发票,A01741,20315538,392.23,11.77,404.0
2018-07-07,有效发票,A09936,31544354,452.43,13.57,466.0
2018-07-08,有效发票,A00370,80414696,90.51,14.49,105.0
2018-07-08,有效发票,A09291,845564,241.38,38.62,280.0
2018-07-08,有效发票,A09292,30597646,527.18,15.82,543.0
2018-07-08,有效发票,A10698,33893584,133.98,4.02,138.0
2018-07-09,有效发票,A07733,31830458,471.7,28.3,500.0
2018-07-10,有效发票,A00370,71738313,366.38,58.62,425.0
2018-07-10,有效发票,A06909,32084657,172.41,27.59,200.0
2018-07-10,有效发票,A13452,9642931,291.26,8.74,300.0
2018-07-11,有效发票,A06821,27193056,352.16,35.22,387.38
2018-07-11,有效发票,A08755,4062469,2844.83,455.17,3300.0
2018-07-12,有效发票,A00370,71939170,258.62,41.38,300.0
2018-07-12,有效发票,A06909,32085339,172.41,27.59,200.0
2018-07-13,有效发票,A00314,5670572,2645.63,158.73,2804.36
2018-07-13,有效发票,A00370,39366280,172.42,27.58,200.0
2018-07-13,有效发票,A05891,84746288,172.41,27.59,200.0
2018-07-13,有效发票,A09015,12903395,405.71,20.29,426.0
2018-07-14,有效发票,A00599,21307569,161.21,25.79,187.0
2018-07-14,有效发票,A12800,2030129,524.28,15.72,540.0
2018-07-15,有效发票,A12387,34329328,223.3,6.7,230.0
2018-07-16,作废发票,A06676,29415372,167.92,10.08,178.0
2018-07-16,有效发票,A00370,149882877,745.69,119.31,865.0
2018-07-16,有效发票,A02908,73112043,2909.7,87.30000000000001,2997.0
2018-07-16,有效发票,A06487,4319348,1337.74,80.26,1418.0
2018-07-16,有效发票,A06676,29415375,167.92,10.08,178.0
2018-07-16,有效发票,A07608,2980658,1323.3,39.7,1363.0
2018-07-17,有效发票,A00370,73651996,172.42,27.58,200.0
2018-07-17,有效发票,A06451,2479300,258.62,41.38,300.0
2018-07-17,有效发票,A07368,21588628,635.92,19.08,655.0
2018-07-18,作废发票,A13447,9645697,384.47,11.53,396.0
2018-07-18,有效发票,A00370,112792087,786.21,125.79,912.0
2018-07-18,有效发票,A07375,88624,173.58,10.42,184.0
2018-07-18,有效发票,A08827,33167200,70873.79000000001,2126.21,73000.0
2018-07-18,有效发票,A13447,9645698,384.47,11.53,396.0
2018-07-19,有效发票,A00370,74683130,189.66,30.34,220.0
2018-07-19,有效发票,A06909,32087966,258.62,41.38,300.0
2018-07-20,有效发票,A00370,75023334,331.9,53.1,385.0
2018-07-20,有效发票,A02988,1798507,149170.69,23867.309999999998,173038.0
2018-07-20,有效发票,A03795,2678784,124.27,3.73,128.0
2018-07-20,有效发票,A13655,14474906,560.19,16.81,577.0
2018-07-20,有效发票,A13770,31357769,504.85,15.15,520.0
2018-07-21,有效发票,A00370,74190771,90.51,14.49,105.0
2018-07-22,有效发票,A07703,33080622,289.32,8.68,298.0
2018-07-22,有效发票,A13557,30411567,203.88,6.12,210.0
2018-07-23,有效发票,A06909,32089290,172.41,27.59,200.0
2018-07-24,有效发票,A06372,27587156,258.62,41.38,300.0
2018-07-25,有效发票,A13197,24674171,276.7,8.3,285.0
2018-07-25,有效发票,A13452,9782337,291.26,8.74,300.0
2018-07-26,有效发票,A00370,198037226,756.04,120.97,877.01
2018-07-26,有效发票,A03305,9577546,106198749.98000002,16991800.02,123190550.0
2018-07-27,有效发票,A05891,85525238,187.07,29.93,217.0
2018-07-27,有效发票,A08913,16034682,31553.399999999998,946.6,32500.0
2018-07-27,有效发票,A13655,29822682,63.11,1.89,65.0
2018-07-29,有效发票,A06372,28342128,172.41,27.59,200.0
2018-07-29,有效发票,A07445,6336629,14563.1,436.9,15000.0
2018-07-29,有效发票,A13394,9701674,331.9,53.1,385.0
2018-07-30,有效发票,A00370,39951493,312.07,49.93,362.0
2018-07-30,有效发票,A04835,87003746,3495.16,104.84,3600.0
2018-07-30,有效发票,A06788,22537503,433.96,26.04,460.0
2018-07-30,有效发票,A08827,16769346,28834.949999999997,865.0500000000001,29700.0
2018-07-31,有效发票,A00370,77384334,780.19,124.81,905.0
2018-07-31,有效发票,A03305,10448478,119548346.57999998,19127735.419999998,138676082.0
2018-07-31,有效发票,A06909,22878126,172.41,27.59,200.0
2018-08-01,有效发票,A05891,85546389,172.41,27.59,200.0
2018-08-01,有效发票,A13447,9791384,231.07,6.93,238.0
2018-08-01,有效发票,A13733,31361202,176.7,5.3,182.0
2018-08-02,有效发票,A00370,115224467,674.0400000000001,107.86,781.9
2018-08-02,有效发票,A02731,5202732,289.32,8.68,298.0
2018-08-02,有效发票,A05891,85554299,186.21,29.79,216.0
2018-08-02,有效发票,A06231,32987518,285.44,8.56,294.0
2018-08-03,有效发票,A01903,4375677,6807.77,204.23,7012.0
2018-08-03,有效发票,A06372,27742434,172.41,27.59,200.0
2018-08-03,有效发票,A13887,2097717,135.92,4.08,140.0
2018-08-04,有效发票,A01910,8312999,990.29,29.71,1020.0
2018-08-05,有效发票,A03149,86495992,73.58,4.42,78.0
2018-08-05,有效发票,A04835,369766116,16165.13,484.8699999999998,16650.0
2018-08-06,有效发票,A09291,852031,518.97,83.03,602.0
2018-08-07,有效发票,A00370,39144995,336.43,53.83,390.26
2018-08-07,有效发票,A06909,2522429,258.62,41.38,300.0
2018-08-07,有效发票,A09656,1059616,97.09,2.91,100.0
2018-08-08,有效发票,A00370,72710613,258.62,41.38,300.0
2018-08-08,有效发票,A03727,8970924,933.96,56.04,990.0
2018-08-08,有效发票,A07495,2092837,113.59,3.41,117.0
2018-08-08,有效发票,A09291,852626,272.41,43.59,316.0
2018-08-08,有效发票,A13160,29423115,162.14,4.86,167.0
2018-08-09,有效发票,A00370,75421055,362.34,57.97,420.31
2018-08-09,有效发票,A05891,84804003,187.93,30.07,218.0
2018-08-09,有效发票,A06909,2523116,172.41,27.59,200.0
2018-08-10,有效发票,A07400,5379891,648.54,19.46,668.0
2018-08-10,有效发票,A09460,314101,387.38,11.62,399.0
2018-08-11,有效发票,A00370,80040948,258.62,41.38,300.0
2018-08-11,有效发票,A05891,6235371,314.66,50.34,365.0
2018-08-11,有效发票,A11961,20591269,771.84,23.16,795.0
2018-08-12,有效发票,A00370,74088555,129.31,20.69,150.0
2018-08-13,有效发票,A00370,72718126,172.41,27.59,200.0
2018-08-13,有效发票,A07116,83205325,602.59,96.41,699.0
2018-08-14,有效发票,A00370,37906144,362.07,57.93,420.0
2018-08-14,有效发票,A03626,121688603,0.0,0.0,0.0
2018-08-14,有效发票,A13197,32529624,138.83,4.17,143.0
2018-08-15,有效发票,A00370,74459256,172.41,27.59,200.0
2018-08-16,有效发票,A00370,38687565,302.68,48.43,351.11
2018-08-16,有效发票,A02388,65431573,181.03,28.97,210.0
2018-08-16,有效发票,A08913,4008674,7281.55,218.45,7500.0
2018-08-16,有效发票,A13447,9791522,192.23,5.77,198.0
2018-08-17,有效发票,A06779,33108047,68.93,2.07,71.0
2018-08-17,有效发票,A07528,13082774,2422.64,145.36,2568.0
2018-08-17,有效发票,A11691,32673917,108.74,3.26,112.0
2018-08-18,有效发票,A00370,148679863,606.89,97.11,704.0
2018-08-20,有效发票,A06909,2527264,172.41,27.59,200.0
2018-08-20,有效发票,A12791,6261861,2460.0,0.0,2460.0
2018-08-21,有效发票,A05891,181562285,630.1800000000001,100.82,731.0
2018-08-21,有效发票,A08166,4164830,4514.56,135.44,4650.0
2018-08-21,有效发票,A09291,5352013,483.62,77.38,561.0
2018-08-23,有效发票,A00370,74036666,172.42,27.58,200.0
2018-08-23,有效发票,A05992,17103920,349.14,55.86,405.0
2018-08-23,有效发票,A08827,25392033,41747.56,1252.44,43000.0
2018-08-23,有效发票,A13447,9791582,192.23,5.77,198.0
2018-08-25,有效发票,A05891,90702330,178.45,28.55,207.0
2018-08-26,有效发票,A05891,6241271,318.97,51.03,370.0
2018-08-27,有效发票,A00370,72738854,482.76,77.24,560.0
2018-08-28,有效发票,A00370,39032775,369.1,59.06,428.16
2018-08-28,有效发票,A06909,2530128,172.41,27.59,200.0
2018-08-28,有效发票,A13197,32416747,329.13,9.87,339.0
2018-08-29,有效发票,A00370,74046254,344.83,55.17,400.0
2018-08-29,有效发票,A00610,31758452,258.62,41.38,300.0
2018-08-29,有效发票,A03305,1741489,-4212639.66,-674022.3400000001,-4886662.0
2018-08-29,有效发票,A05891,90721381,170.17,27.23,197.4
2018-08-29,有效发票,A09291,2677816,255.17,40.83,296.0
2018-08-30,有效发票,A00370,38062462,327.59,52.41,380.0
2018-08-30,有效发票,A03305,7836750,89676772.37,14348283.629999999,104025056.0
2018-08-30,有效发票,A06232,33004583,158.25,4.75,163.0
2018-08-30,有效发票,A06909,2530638,258.62,41.38,300.0
2018-08-30,有效发票,A09673,32607798,289.32,8.68,298.0
2018-08-31,有效发票,A00370,127804854,793.1,126.9,920.0
2018-08-31,有效发票,A01741,20723312,301.94,9.06,311.0
2018-08-31,有效发票,A09920,23818355,412.62,12.38,425.0
2018-09-01,有效发票,A02318,4096808,61.32,3.68,65.0
2018-09-02,有效发票,A00370,38960540,353.45,56.55,410.0
2018-09-03,有效发票,A00370,40429112,172.42,27.58,200.0
2018-09-04,有效发票,A05891,181509064,594.8299999999999,95.17,690.0
2018-09-04,有效发票,A06839,17397245,77534.48,12405.52,89940.0
2018-09-04,有效发票,A13116,9522367,12621.36,378.64,13000.0
2018-09-05,有效发票,A00370,96135072,172.41,27.59,200.0
2018-09-05,有效发票,A05891,90760173,206.04,32.96,239.0
2018-09-07,有效发票,A00370,93897692,320.69,51.31,372.0
2018-09-07,有效发票,A00627,21320865,364.66,58.34,423.0
2018-09-07,有效发票,A06310,4563270,1343.1,214.9,1558.0
2018-09-07,有效发票,A06515,4096380,2400.0,0.0,2400.0
2018-09-08,有效发票,A00370,170362679,597.4100000000001,95.59,693.0
2018-09-08,有效发票,A09875,5890081,413.59,12.41,426.0
2018-09-09,有效发票,A00370,39356325,172.41,27.59,200.0
2018-09-09,有效发票,A06204,1469476,47.57,1.43,49.0
2018-09-09,有效发票,A07703,1296279,115.53,3.47,119.0
2018-09-10,有效发票,A00370,74498789,241.38,38.62,280.0
2018-09-11,有效发票,A00370,78263253,437.06,69.94,507.0
2018-09-11,有效发票,A00969,10417545,626.89,100.29,727.18
2018-09-11,有效发票,A03145,91851161,1574.14,251.86,1826.0
2018-09-11,有效发票,A06258,5790171,504.85,15.15,520.0
2018-09-11,有效发票,A07051,5256533,3854.0,0.0,3854.0
2018-09-11,有效发票,A09291,2681024,309.48,49.52,359.0
2018-09-12,有效发票,A00370,37691594,2000.0,0.0,2000.0
2018-09-12,有效发票,A05891,92373272,217.67,34.83,252.5
2018-09-12,有效发票,A10169,9869902,874.99,139.99,1014.98
2018-09-13,有效发票,A00370,364752058,17728.440000000002,116.56,17845.0
2018-09-13,有效发票,A06258,5790212,605.83,18.17,624.0
2018-09-13,有效发票,A09269,6417796,862.07,137.93,1000.0
2018-09-14,有效发票,A00314,1653328,3199.04,191.94,3390.98
2018-09-14,有效发票,A00370,149052853,17000.0,0.0,17000.0
2018-09-14,有效发票,A03145,83170743,554.52,88.73,643.25
2018-09-15,有效发票,A00370,52866294,289.65,46.35,336.0
2018-09-16,有效发票,A00370,266985867,953.4,152.55,1105.95
2018-09-16,有效发票,A00734,8495404,318.97,51.03,370.0
2018-09-16,有效发票,A03811,4492513,327.59,52.41,380.0
2018-09-16,有效发票,A13394,17258176,4979.610000000001,149.39,5129.0
2018-09-16,有效发票,A13416,8628891,3359.22,100.78,3460.0
2018-09-17,作废发票,A03184,1576106,86.21,13.79,100.0
2018-09-17,有效发票,A03184,1576107,86.21,13.79,100.0
2018-09-17,有效发票,A06821,48500742,8383.1,838.3199999999999,9221.42
2018-09-17,有效发票,A06909,2534813,366.38,58.62,425.0
2018-09-17,有效发票,A10178,10340117,326.73,32.69,359.42
2018-09-18,有效发票,A00370,96504741,172.42,27.58,200.0
2018-09-18,有效发票,A06909,2535536,258.62,41.38,300.0
2018-09-19,作废发票,A03279,3673514,870.88,26.12,897.0
2018-09-19,有效发票,A09291,2683248,193.1,30.9,224.0
2018-09-19,有效发票,A13161,29431101,98.1,4.9,103.0
2018-09-19,有效发票,A13568,3377330,334.95,10.05,345.0
2018-09-20,作废发票,A07604,1609857,4611.65,138.35,4750.0
2018-09-20,有效发票,A02205,7685005,171.84,5.16,177.0
2018-09-20,有效发票,A02382,92280027,396.55,63.45,460.0
2018-09-20,有效发票,A03874,17948472,27977.36,1678.6399999999999,29656.0
2018-09-20,有效发票,A06131,19507463,74428.29999999999,4465.7,78894.0
2018-09-20,有效发票,A06590,307408,380.58,11.42,392.0
2018-09-20,有效发票,A07604,1609858,4611.65,138.35,4750.0
2018-09-20,有效发票,A07899,48980973,2282.17,136.93,2419.1
2018-09-20,有效发票,A10172,9052164,691.3,89.5,780.8
2018-09-20,有效发票,A13197,6636135,362.14,10.86,373.0
2018-09-20,有效发票,A13389,3924336,1458.02,187.31,1645.33
2018-09-20,有效发票,A13447,8629265,384.47,11.53,396.0
2018-09-20,有效发票,A13842,31972465,3247.5699999999997,97.42999999999999,3345.0
2018-09-21,有效发票,A00370,37703228,172.42,27.58,200.0
2018-09-21,有效发票,A05891,92449770,132.76,21.24,154.0
2018-09-21,有效发票,A12333,9289279,1052.58,168.42,1221.0
2018-09-21,有效发票,A13737,2317424,469.9,14.1,484.0
2018-09-22,有效发票,A05891,92456242,161.2,25.8,187.0
2018-09-22,有效发票,A09330,47195260,154.37,4.63,159.0
2018-09-22,有效发票,A13557,3948717,268.93,8.07,277.0
2018-09-23,作废发票,A00248,3726477,9087.38,272.62,9360.0
2018-09-23,有效发票,A00248,3726478,9087.38,272.62,9360.0
2018-09-23,有效发票,A00370,135459474,10000.0,0.0,10000.0
2018-09-23,有效发票,A05891,92461567,242.59,38.81,281.4
2018-09-24,有效发票,A00370,95743318,202.58,32.42,235.0
2018-09-25,有效发票,A00370,52880906,172.42,27.58,200.0
2018-09-25,有效发票,A07567,2294243,1707.76,273.24,1981.0
2018-09-25,有效发票,A11189,113568,815.45,81.55,897.0
2018-09-26,有效发票,A03145,332822185,973.6899999999999,105.63000000000001,1079.32
2018-09-26,有效发票,A05891,92476557,184.98,29.59,214.57
2018-09-26,有效发票,A09291,2763989,225.86,36.14,262.0
2018-09-26,有效发票,A09581,120669669,54344.33,3260.67,57605.0
2018-09-28,有效发票,A00370,95538880,172.42,27.58,200.0
2018-09-28,有效发票,A03305,870775,4270818.96,683331.04,4954150.0
2018-09-28,有效发票,A06909,2538975,258.62,41.38,300.0
2018-09-28,有效发票,A13197,5341934,508.74,15.26,524.0
2018-09-28,有效发票,A13452,8623847,488.68,29.32,518.0
2018-09-29,有效发票,A03305,18286842,153429994.69,24548799.31,177978794.0
2018-09-29,有效发票,A06140,28879959,310.68,9.32,320.0
2018-09-29,有效发票,A06487,12632252,1338.68,80.32,1419.0
2018-09-30,有效发票,A03305,2612442,19963523.31,3194163.6899999995,23157687.0
2018-09-30,有效发票,A09920,2853757,345.63,10.37,356.0
2018-10-01,有效发票,A00370,39688778,293.1,46.9,340.0
2018-10-01,有效发票,A01912,319787,616.5,18.5,635.0
2018-10-01,有效发票,A05891,6254479,258.62,41.38,300.0
2018-10-01,有效发票,A12419,34411968,97.09,2.91,100.0
2018-10-02,有效发票,A10698,5564870,221.36,6.64,228.0
2018-10-02,有效发票,A12419,34377449,189.32,5.68,195.0
2018-10-03,作废发票,A13197,6775749,401.94,12.06,414.0
2018-10-03,有效发票,A00370,94942825,431.04,68.96,500.0
2018-10-03,有效发票,A07555,16813254,1763.21,105.79,1869.0
2018-10-03,有效发票,A13197,6775748,401.94,12.06,414.0
2018-10-04,有效发票,A00370,39095674,416.38,66.62,483.0
2018-10-04,有效发票,A08973,7853996,172.41,27.59,200.0
2018-10-04,有效发票,A11177,28458359,76.19,3.81,80.0
2018-10-05,有效发票,A02282,83264483,396.55,63.45,460.0
2018-10-05,有效发票,A12807,4333455,7204.85,216.15,7421.0
2018-10-05,有效发票,A13557,3984046,2019.42,60.58,2080.0
2018-10-06,有效发票,A00608,5245772,172.41,27.59,200.0
2018-10-06,有效发票,A00980,34610435,704.85,21.15,726.0
2018-10-07,有效发票,A00370,52747121,172.42,27.58,200.0
2018-10-08,有效发票,A06909,7090241,258.62,41.38,300.0
2018-10-08,有效发票,A08004,5536988,91.26,2.74,94.0
2018-10-08,有效发票,A13733,5729802,249.51,7.49,257.0
2018-10-09,有效发票,A03214,4577447,3205.17,512.83,3718.0
2018-10-09,有效发票,A07242,1273698,349.14,55.86,405.0
2018-10-09,有效发票,A13116,23510274,122.33,3.67,126.0
2018-10-10,有效发票,A00370,39577486,448.28,71.72,520.0
2018-10-10,有效发票,A00709,5396450,172.41,27.59,200.0
2018-10-10,有效发票,A00883,1391656,331.9,53.1,385.0
2018-10-10,有效发票,A07476,2308275,150.94,9.06,160.0
2018-10-10,有效发票,A07604,17193958,3621.36,108.64,3730.0
2018-10-10,有效发票,A09291,7117549,240.52,38.48,279.0
2018-10-10,有效发票,A13197,6816408,402.91,12.09,415.0
2018-10-11,有效发票,A00370,95189702,172.42,27.58,200.0
2018-10-11,有效发票,A06909,7091253,258.62,41.38,300.0
2018-10-13,有效发票,A08973,7857085,172.41,27.59,200.0
2018-10-13,有效发票,A09936,2898995,183.5,5.5,189.0
2018-10-14,有效发票,A08480,7018147,407.55,24.45,432.0
2018-10-14,有效发票,A13197,32534587,387.38,11.62,399.0
2018-10-15,有效发票,A00314,13766064,10886.01,653.17,11539.18
2018-10-16,有效发票,A00370,52726413,387.93,62.07,450.0
2018-10-16,有效发票,A01005,34508651,167.96,5.04,173.0
2018-10-16,有效发票,A13447,8739650,192.23,5.77,198.0
2018-10-17,有效发票,A01005,34757065,215.53,6.47,222.0
2018-10-17,有效发票,A03609,83622163,250.49,7.51,258.0
2018-10-17,有效发票,A06451,33585985,271.55,43.45,315.0
2018-10-18,有效发票,A00370,95045741,146.55,23.45,170.0
2018-10-18,有效发票,A00709,5397046,172.41,27.59,200.0
2018-10-18,有效发票,A05618,18243621,86657.54999999999,5199.45,91857.0
2018-10-18,有效发票,A12166,44402068,61994.350000000006,3719.6499999999996,65714.0
2018-10-18,有效发票,A13447,8739683,192.23,5.77,198.0
2018-10-19,有效发票,A00370,40337324,241.38,38.62,280.0
2018-10-19,有效发票,A00608,42724560,314.66,50.34,365.0
2018-10-19,有效发票,A00610,14540526,349.14,55.86,405.0
2018-10-19,有效发票,A00709,5397145,129.31,20.69,150.0
2018-10-19,有效发票,A00980,34610565,192.23,5.77,198.0
2018-10-19,有效发票,A01019,42125282,55.34,1.66,57.0
2018-10-19,有效发票,A11150,14791553,69471.70000000001,4168.299999999999,73640.0
2018-10-19,有效发票,A13116,4517717,294.17,8.83,303.0
2018-10-19,有效发票,A13447,8739697,192.23,5.77,198.0
2018-10-20,有效发票,A00370,54635983,333.26,53.32,386.58
2018-10-20,有效发票,A07313,4065731,2583.02,154.98,2738.0
2018-10-21,有效发票,A06204,8892067,402.91,12.09,415.0
2018-10-21,有效发票,A09920,25124371,234.95,7.05,242.0
2018-10-22,作废发票,A03733,7169684,17177.36,1030.64,18208.0
2018-10-22,有效发票,A00370,53310727,327.59,52.41,380.0
2018-10-22,有效发票,A02260,40056846,304.31,48.69,353.0
2018-10-22,有效发票,A03733,22846646,83856.59999999999,5031.4,88888.0
2018-10-23,作废发票,A12117,6333232,436.89,13.11,450.0
2018-10-23,有效发票,A00370,250121335,1297.4,207.6,1505.0
2018-10-23,有效发票,A07577,43127706,264.08,7.92,272.0
2018-10-23,有效发票,A09291,9558985,305.17,48.83,354.0
2018-10-23,有效发票,A12117,6368751,436.89,13.11,450.0
2018-10-23,有效发票,A12419,34412084,121.36,3.64,125.0
2018-10-23,有效发票,A13447,15901983,197.09,5.91,203.0
2018-10-24,作废发票,A05527,6687714,9433.96,566.04,10000.0
2018-10-24,有效发票,A00610,14541627,329.31,52.69,382.0
2018-10-24,有效发票,A05527,28359696,127356.6,7641.4,134998.0
2018-10-24,有效发票,A06258,8884753,445.63,13.37,459.0
2018-10-24,有效发票,A06909,7095558,172.41,27.59,200.0
2018-10-24,有效发票,A13447,15901999,192.23,5.77,198.0
2018-10-25,有效发票,A01449,1410178,2689.66,430.34,3120.0
2018-10-25,有效发票,A05891,92556486,216.38,34.62,251.0
2018-10-25,有效发票,A13197,42686625,338.83,10.17,349.0
2018-10-26,有效发票,A06839,17402860,38767.24,6202.76,44970.0
2018-10-27,有效发票,A00370,96019450,467.71,74.83,542.54
2018-10-27,有效发票,A13447,15902029,192.23,5.77,198.0
2018-10-28,有效发票,A00370,40218160,450.0,72.0,522.0
2018-10-29,有效发票,A00314,13766113,13606.14,816.37,14422.51
2018-10-29,有效发票,A00370,249672237,968.96,155.04,1124.0
2018-10-29,有效发票,A02994,17147874,49137.93,7862.07,57000.0
2018-10-29,有效发票,A03305,8708415,99097475.84,15855596.16,114953072.0
2018-10-29,有效发票,A11527,41609777,291.26,8.74,300.0
2018-10-30,有效发票,A03305,8708535,99721509.52000001,15955441.48,115676951.0
2018-10-30,有效发票,A05891,83000399,349.14,55.86,405.0
2018-10-30,有效发票,A06909,14325472,396.54999999999995,63.45,460.0
2018-10-31,有效发票,A00610,7741724,340.52,54.48,395.0
2018-10-31,有效发票,A03305,5645542,99228093.91999999,15876495.079999998,115104589.0
2018-10-31,有效发票,A06839,17402862,49086.21,7853.79,56940.0
2018-10-31,有效发票,A07242,24522422,172.41,27.59,200.0
2018-11-01,有效发票,A05891,83010681,237.07,37.93,275.0
2018-11-01,有效发票,A06909,14457011,603.45,96.55000000000001,700.0
2018-11-01,有效发票,A13590,30540382,149.51,4.49,154.0
2018-11-02,有效发票,A06372,30691633,172.41,27.59,200.0
2018-11-03,有效发票,A00370,196997872,637.93,102.07,740.0
2018-11-03,有效发票,A05891,82935650,191.38,30.62,222.0
2018-11-03,有效发票,A12791,9753731,337.86,10.14,348.0
2018-11-04,有效发票,A00370,52818307,418.11,66.89,485.0
2018-11-06,有效发票,A00370,98573697,267.24,42.76,310.0
2018-11-06,有效发票,A06909,7230321,172.41,27.59,200.0
2018-11-06,有效发票,A09291,9562553,259.48,41.52,301.0
2018-11-08,有效发票,A13589,3960071,174.76,5.24,180.0
2018-11-08,有效发票,A13870,4572677,145.63,4.37,150.0
2018-11-09,有效发票,A00370,52998950,172.41,27.59,200.0
2018-11-10,有效发票,A12800,46761924,349.51,10.49,360.0
2018-11-11,有效发票,A00370,97375880,189.66,30.34,220.0
2018-11-13,有效发票,A13415,8771314,200.97,6.03,207.0
2018-11-13,有效发票,A13447,15902167,384.47,11.53,396.0
2018-11-14,有效发票,A13447,15902173,192.23,5.77,198.0
2018-11-15,有效发票,A05891,82742512,235.34,37.66,273.0
2018-11-15,有效发票,A13447,15902181,192.23,5.77,198.0
2018-11-16,有效发票,A11483,83404831,388.34,11.66,400.0
2018-11-17,有效发票,A02427,17210809,406.8,12.2,419.0
2018-11-18,作废发票,A00674,38625585,206.9,33.1,240.0
2018-11-18,有效发票,A00674,38625586,206.9,33.1,240.0
2018-11-18,有效发票,A13116,46108208,396.12,11.88,408.0
2018-11-19,有效发票,A00370,128351645,637.9200000000001,102.08,740.0
2018-11-19,有效发票,A06315,5911493,208.74,6.26,215.0
2018-11-20,有效发票,A09291,46415942,216.38,34.62,251.0
2018-11-22,有效发票,A06909,7235904,172.41,27.59,200.0
2018-11-22,有效发票,A12800,9784624,349.51,10.49,360.0
2018-11-23,有效发票,A02282,87423581,302.58,48.42,351.0
2018-11-24,有效发票,A06204,8921521,94.17,2.83,97.0
2018-11-24,有效发票,A07133,44605928,154.37,4.63,159.0
2018-11-26,有效发票,A06909,7237201,172.41,27.59,200.0
2018-11-27,有效发票,A05891,6273282,310.34,49.66,360.0
2018-11-28,有效发票,A00370,97488696,385.42,61.67,447.09
2018-11-28,有效发票,A03305,433306,4046155.17,647384.83,4693540.0
2018-11-29,有效发票,A00370,55363848,172.41,27.59,200.0
2018-11-29,有效发票,A03305,6933112,66368305.130000025,10618928.870000001,76987234.0
2018-11-29,有效发票,A13197,48343726,316.5,9.5,326.0
2018-11-30,有效发票,A03305,5200002,119664096.57,19146255.43,138810352.0
2018-11-30,有效发票,A09929,2994408,674.76,20.24,695.0
2018-12-03,有效发票,A00370,55622404,400.91,64.14,465.05
2018-12-03,有效发票,A06909,7223537,258.62,41.38,300.0
2018-12-03,有效发票,A09198,4584022,264.15,15.85,280.0
2018-12-04,有效发票,A05891,82843862,258.62,41.38,300.0
2018-12-05,有效发票,A00370,195522854,698.28,111.72,810.0
2018-12-05,有效发票,A09291,46419748,269.83,43.17,313.0
2018-12-05,有效发票,A13823,91150007,1019.42,30.580000000000002,1050.0
2018-12-06,有效发票,A05891,82855700,211.21,33.79,245.0
2018-12-08,有效发票,A00370,98401817,258.62,41.38,300.0
2018-12-08,有效发票,A13116,29788218,7378.65,221.35,7600.0
2018-12-10,有效发票,A01005,34760165,318.45,9.55,328.0
2018-12-10,有效发票,A05891,2857087,314.86,50.38,365.24
2018-12-11,有效发票,A03626,94750951,264.15,15.85,280.0
2018-12-11,有效发票,A05994,24868195,311.21,49.79,361.0
2018-12-11,有效发票,A06470,70975037,0.04,0.0,0.04
2018-12-11,有效发票,A06909,7225963,258.62,41.38,300.0
2018-12-11,有效发票,A13197,44431731,170.87,5.13,176.0
2018-12-12,有效发票,A00370,57068705,375.86,60.14,436.0
2018-12-13,有效发票,A00370,55661576,413.8,66.2,480.0
2018-12-13,有效发票,A06275,88592816,225.0,36.0,261.0
2018-12-14,有效发票,A00370,29739604,343.71,55.0,398.71
2018-12-14,有效发票,A13452,15986914,498.11,29.89,528.0
2018-12-15,有效发票,A05891,82711300,341.38,54.62,396.0
2018-12-17,作废发票,A03541,33178104,8737.86,262.14,9000.0
2018-12-17,有效发票,A03541,66356211,12621.36,378.64,13000.0
2018-12-17,有效发票,A05891,82720804,176.72,28.28,205.0
2018-12-17,有效发票,A05992,42218288,185.34,29.66,215.0
2018-12-18,有效发票,A05891,82724252,405.17,64.83,470.0
2018-12-18,有效发票,A06372,30718429,226.72,36.28,263.0
2018-12-19,有效发票,A08827,144542324,67854.37999999999,2035.62,69890.0
2018-12-20,有效发票,A00370,97894048,349.13,55.86,404.99
2018-12-20,有效发票,A03214,6008583,662.07,105.93,768.0
2018-12-20,有效发票,A06470,20056397,21.99,3.51,25.5
2018-12-21,有效发票,A00370,57774326,172.41,27.59,200.0
2018-12-21,有效发票,A06470,50503688,975.82,156.13,1131.95
2018-12-21,有效发票,A07751,14759949,-9708.74,-291.26,-10000.0
2018-12-24,有效发票,A00370,30311579,409.48,65.52,475.0
2018-12-24,有效发票,A05992,42219066,182.76,29.24,212.0
2018-12-24,有效发票,A06909,7241029,172.41,27.59,200.0
2018-12-25,作废发票,A00220,6358323,94224.82,5653.48,99878.3
2018-12-25,有效发票,A00220,69941607,654821.9100000001,39289.28999999999,694111.2000000001
2018-12-25,有效发票,A00370,56334871,325.0,52.0,377.0
2018-12-25,有效发票,A13452,26005972,301.89,18.11,320.0
2018-12-26,有效发票,A03305,3900150,88616917.24000001,14178706.76,102795624.0
2018-12-26,有效发票,A09291,49004256,331.9,53.1,385.0
2018-12-27,有效发票,A00314,19083716,1584.91,95.09,1680.0
2018-12-27,有效发票,A06909,7242027,172.41,27.59,200.0
2018-12-28,有效发票,A03305,3033611,51219427.489999995,8195108.51,59414536.0
2018-12-28,有效发票,A06487,4080105,2675.47,160.53,2836.0
2018-12-29,作废发票,A03305,433396,9969806.05,1595168.95,11564975.0
2018-12-29,有效发票,A00370,97425776,172.42,27.58,200.0
2018-12-29,有效发票,A01005,34887491,372.82,11.18,384.0
2018-12-29,有效发票,A03305,8234354,183776598.25000003,29404255.75,213180854.0
2018-12-29,有效发票,A05891,82910500,168.1,26.9,195.0
2018-12-30,有效发票,A09656,46693070,217.48,6.52,224.0
2018-12-30,有效发票,A09920,48718844,200.0,6.0,206.0
2018-12-31,有效发票,A00370,57720116,326.27,52.2,378.47
2019-01-01,有效发票,A13197,44521986,269.9,8.1,278.0
2019-01-02,有效发票,A00370,55757406,353.44,56.56,410.0
2019-01-02,有效发票,A05891,85026810,232.76,37.24,270.0
2019-01-03,有效发票,A00370,30347660,163.79,26.21,190.0
2019-01-03,有效发票,A13116,29788266,24378.64,731.36,25110.0
2019-01-05,有效发票,A00370,30018192,381.04,60.96,442.0
2019-01-05,有效发票,A09920,6341793,304.85,9.15,314.0
2019-01-06,有效发票,A00370,56349758,172.41,27.59,200.0
2019-01-06,有效发票,A07672,6005093,259.22,7.78,267.0
2019-01-07,有效发票,A06909,48942024,172.41,27.59,200.0
2019-01-08,有效发票,A00370,30370460,198.27,31.73,230.0
2019-01-08,有效发票,A05891,85058220,168.1,26.9,195.0
2019-01-08,有效发票,A09515,48821410,123.3,3.7,127.0
2019-01-08,有效发票,A13452,20091913,283.02,16.98,300.0
2019-01-09,有效发票,A06470,68225509,1509.47,241.51,1750.98
2019-01-09,有效发票,A06909,48942706,172.41,27.59,200.0
2019-01-09,有效发票,A09291,49007373,218.1,34.9,253.0
2019-01-10,有效发票,A13452,20091932,339.62,20.38,360.0
2019-01-11,有效发票,A00370,58460383,323.19,51.71,374.9
2019-01-11,有效发票,A06372,30948462,172.42,27.58,200.0
2019-01-11,有效发票,A13447,26017274,1125.24,33.76,1159.0
2019-01-13,有效发票,A05992,42221266,182.76,29.24,212.0
2019-01-14,有效发票,A06470,47465122,405.09000000000003,64.81,469.9
2019-01-15,有效发票,A06909,48944664,258.62,41.38,300.0
2019-01-15,有效发票,A06999,51027928,5783.02,346.98,6130.0
2019-01-15,有效发票,A07727,47264564,3459.43,207.57,3667.0
2019-01-15,有效发票,A13197,51138352,186.41,5.59,192.0
2019-01-15,有效发票,A13836,48764071,276.7,8.3,285.0
2019-01-16,有效发票,A00370,58210764,314.66,50.34,365.0
2019-01-17,有效发票,A00370,97215983,172.42,27.58,200.0
2019-01-17,有效发票,A13447,26017324,1182.52,35.48,1218.0
2019-01-18,有效发票,A00370,57132406,353.45,56.55,410.0
2019-01-18,有效发票,A12994,44799741,333.01,9.99,343.0
2019-01-20,有效发票,A00370,30623656,293.49,46.96,340.45
2019-01-20,有效发票,A07586,35695387,440.0,0.0,440.0
2019-01-20,有效发票,A13447,26017347,1474.76,44.24,1519.0
2019-01-21,有效发票,A06909,51271299,258.62,41.38,300.0
2019-01-21,有效发票,A11795,18282720,271.84,8.16,280.0
2019-01-21,有效发票,A13878,37586014,675.73,20.27,696.0
2019-01-21,有效发票,A13881,9675610,340.95,17.05,358.0
2019-01-22,有效发票,A05992,42222329,192.24,30.76,223.0
2019-01-23,有效发票,A00370,32770185,301.72,48.28,350.0
2019-01-23,有效发票,A05891,88305417,193.97,31.03,225.0
2019-01-23,有效发票,A09291,51312980,212.93,34.07,247.0
2019-01-24,有效发票,A03305,433425,4485913.79,717746.21,5203660.0
2019-01-25,有效发票,A00370,119759007,878.72,140.6,1019.3199999999999
2019-01-25,有效发票,A03305,4767741,91230061.22999999,14596809.770000001,105826871.0
2019-01-26,有效发票,A07939,44797444,81.13,4.87,86.0
2019-01-27,有效发票,A05891,88327334,190.52,30.48,221.0
2019-01-27,有效发票,A13447,26017387,5618.45,168.55,5787.0
2019-01-28,有效发票,A00370,57745683,251.72,40.28,292.0
2019-01-29,有效发票,A06828,85793573,496.23,29.77,526.0
2019-01-30,有效发票,A00370,31670163,330.17,52.83,383.0
2019-01-31,有效发票,A06204,50749801,620.39,18.61,639.0
2019-02-01,有效发票,A05992,42232231,159.91,25.59,185.5
2019-02-01,有效发票,A09920,98862549,1116.51,33.49,1150.0
2019-02-02,有效发票,A06310,7625454,1321.55,211.45,1533.0
2019-02-02,有效发票,A12791,51090638,282.52,8.48,291.0
2019-02-03,有效发票,A00370,56834301,172.49,27.6,200.09
2019-02-06,有效发票,A00370,31114055,172.41,27.59,200.0
2019-02-08,有效发票,A00370,30098227,362.69,58.03,420.72
2019-02-08,有效发票,A03850,20747754,2320.75,139.25,2460.0
2019-02-09,作废发票,A09291,51314801,479.31,76.69,556.0
2019-02-09,有效发票,A09291,51314803,479.31,76.69,556.0
2019-02-10,有效发票,A03877,85405502,1645.28,98.72,1744.0
2019-02-11,有效发票,A05992,42232884,185.34,29.66,215.0
2019-02-12,有效发票,A00370,30875410,302.34,48.38,350.72
2019-02-13,有效发票,A11206,8668625,186.79,11.21,198.0
2019-02-14,有效发票,A06372,42563210,172.41,27.59,200.0
2019-02-15,有效发票,A02008,42002709,1355.34,40.66,1396.0
2019-02-15,有效发票,A04635,3154810,504.85,15.15,520.0
2019-02-15,有效发票,A06909,48957266,258.62,41.38,300.0
2019-02-15,有效发票,A10698,61063596,192.23,5.77,198.0
2019-02-16,有效发票,A02954,8813509,181.03,28.97,210.0
2019-02-16,有效发票,A09283,61056926,357.55,21.45,379.0
2019-02-17,有效发票,A00370,56597162,331.9,53.1,385.0
2019-02-17,有效发票,A00980,34833353,192.23,5.77,198.0
2019-02-17,有效发票,A01019,34874104,114.56,3.44,118.0
2019-02-19,有效发票,A02988,5979261,4282.76,685.24,4968.0
2019-02-20,有效发票,A00370,32436265,172.42,27.58,200.0
2019-02-20,有效发票,A01691,39211694,282.08,16.92,299.0
2019-02-20,有效发票,A02284,52524013,327.58,52.42,380.0
2019-02-20,有效发票,A05891,87885763,320.41,51.27,371.68
2019-02-20,有效发票,A09291,51316374,366.38,58.62,425.0
2019-02-20,有效发票,A09525,50833763,172.41,27.59,200.0
2019-02-21,有效发票,A00370,34046388,372.41,59.59,432.0
2019-02-21,有效发票,A03214,85355219,4946.81,788.19,5735.0
2019-02-21,有效发票,A05891,87893565,86.21,13.79,100.0
2019-02-21,有效发票,A05909,7097831,177.15,28.35,205.5
2019-02-21,有效发票,A06909,48958667,172.41,27.59,200.0
2019-02-21,有效发票,A13230,170147413,1370.88,41.12,1412.0
2019-02-22,有效发票,A13447,26210411,533.01,15.99,549.0
2019-02-23,有效发票,A00370,34063406,373.58,59.77,433.35
2019-02-23,有效发票,A06372,30760515,206.9,33.1,240.0
2019-02-23,有效发票,A08976,90350598,283.02,16.98,300.0
2019-02-25,有效发票,A13415,26071713,226.21,6.79,233.0
2019-02-26,有效发票,A03305,433455,1899808.62,303969.38,2203778.0
2019-02-26,有效发票,A06909,49076762,172.41,27.59,200.0
2019-02-26,有效发票,A07567,37612114,406.9,65.1,472.0
2019-02-27,有效发票,A00370,64691949,547.4200000000001,87.58,635.0
2019-02-27,有效发票,A03305,3901176,68965335.36,11034453.64,79999789.0
2019-02-28,有效发票,A03305,1733886,25667381.07,4106780.9299999997,29774162.0
2019-02-28,有效发票,A06372,30763102,146.55,23.45,170.0
2019-03-02,有效发票,A10698,86916443,168.93,5.07,174.0
2019-03-02,有效发票,A13452,26210296,584.91,35.09,620.0
2019-03-03,作废发票,A04565,55720658,294.17,8.83,303.0
2019-03-03,有效发票,A00370,57293266,215.52,34.48,250.0
2019-03-03,有效发票,A04565,55720659,294.17,8.83,303.0
2019-03-03,有效发票,A05891,87722678,202.59,32.41,235.0
2019-03-03,有效发票,A13212,85164393,338.83,10.17,349.0
2019-03-04,有效发票,A04835,43502009,1939.8,58.2,1998.0
2019-03-04,有效发票,A06909,49078572,172.41,27.59,200.0
2019-03-05,有效发票,A00370,31462596,375.0,60.0,435.0
2019-03-06,有效发票,A06909,49079265,284.48,45.52,330.0
2019-03-06,有效发票,A13842,187935880,3500.0,105.0,3605.0
2019-03-07,有效发票,A00370,55977481,375.0,60.0,435.0
2019-03-08,有效发票,A00370,64498103,551.72,88.28,640.0
2019-03-08,有效发票,A00908,47238297,379.31,60.69,440.0
2019-03-08,有效发票,A09920,6265961,200.97,6.03,207.0
2019-03-09,有效发票,A06386,85396055,333.98,10.02,344.0
2019-03-09,有效发票,A09106,10897013,1706.8899999999999,273.11,1980.0
2019-03-09,有效发票,A09525,50837013,431.03,68.97,500.0
2019-03-10,有效发票,A00370,33985471,297.54,47.61,345.15
2019-03-10,有效发票,A02282,24179298,474.14,75.86,550.0
2019-03-10,有效发票,A13197,85062086,269.9,8.1,278.0
2019-03-12,有效发票,A06909,49081035,172.41,27.59,200.0
2019-03-12,有效发票,A13447,26210518,844.66,25.34,870.0
2019-03-13,有效发票,A03850,35388420,318.87,19.13,338.0
2019-03-14,有效发票,A02382,84430604,301.72,48.28,350.0
2019-03-14,有效发票,A06372,42577964,172.41,27.59,200.0
2019-03-15,有效发票,A03850,35388424,318.87,19.13,338.0
2019-03-16,有效发票,A05891,88384517,258.62,41.38,300.0
2019-03-18,有效发票,A00370,66179125,491.37,78.63,570.0
2019-03-18,有效发票,A02954,46920308,314.66,50.34,365.0
2019-03-19,有效发票,A00370,35670848,255.12,40.82,295.94
2019-03-19,有效发票,A05891,88396527,431.03,68.97,500.0
2019-03-19,有效发票,A07315,38445126,313.21,18.79,332.0
2019-03-19,有效发票,A13787,37523490,144.66,4.34,149.0
2019-03-20,有效发票,A06909,49083849,172.41,27.59,200.0
2019-03-20,有效发票,A09291,88244455,420.69,67.31,488.0
2019-03-22,有效发票,A00370,33094602,172.41,27.59,200.0
2019-03-22,有效发票,A11451,56689942,183.5,5.5,189.0
2019-03-24,有效发票,A00370,30931412,398.34,63.73,462.07
2019-03-24,有效发票,A01621,28123241,164.08,4.92,169.0
2019-03-25,有效发票,A05891,87957824,161.63,25.87,187.5
2019-03-26,有效发票,A00370,30793376,86.2,13.8,100.0
2019-03-26,有效发票,A03325,53053711,649.51,19.49,669.0
2019-03-26,有效发票,A06909,88265242,258.62,41.38,300.0
2019-03-26,有效发票,A07012,20032297,620.69,99.31,720.0
2019-03-27,有效发票,A00370,35344030,264.65,42.35,307.0
2019-03-27,有效发票,A02282,24209846,189.66,30.34,220.0
2019-03-27,有效发票,A03305,112619945,125398939.55000003,20063830.450000003,145462770.0
2019-03-28,有效发票,A00370,34080803,172.41,27.59,200.0
2019-03-28,有效发票,A06372,42351045,172.41,27.59,200.0
2019-03-28,有效发票,A12130,7349803,621.36,18.64,640.0
2019-03-29,作废发票,A09920,49416565,969.9,29.1,999.0
2019-03-29,有效发票,A00370,36157338,172.4,27.6,200.0
2019-03-29,有效发票,A03305,17784053,-17241379.32,-2758620.68,-20000000.0
2019-03-29,有效发票,A05891,15937918,165.51,26.49,192.0
2019-03-29,有效发票,A09920,395332556,7759.199999999999,232.79999999999998,7992.0
2019-03-29,有效发票,A13452,26333679,283.02,16.98,300.0
2019-03-29,有效发票,A13655,88520460,1241.75,37.25,1279.0
2019-03-30,有效发票,A03305,62244273,64087837.06,10254053.940000001,74341891.0
2019-03-31,有效发票,A02282,24212425,189.66,30.34,220.0
2019-03-31,有效发票,A03305,186733113,159202459.52,25472393.479999997,184674853.0
2019-03-31,有效发票,A05891,15948607,262.93,42.07,305.0
2019-03-31,有效发票,A13557,51570981,196.12,5.88,202.0
2019-04-01,有效发票,A00370,32485246,203.53,26.47,230.0
2019-04-01,有效发票,A06909,88267230,265.49,34.51,300.0
2019-04-01,有效发票,A13557,90521515,147.57,4.43,152.0
2019-04-02,有效发票,A00370,68782031,645.82,83.96000000000001,729.78
2019-04-02,有效发票,A08827,183843505,44852.43,1345.5700000000002,46198.0
2019-04-02,有效发票,A09525,88135928,412.39,53.61,466.0
2019-04-02,有效发票,A11277,23071227,970.87,29.13,1000.0
2019-04-03,有效发票,A06909,88267979,176.99,23.01,200.0
2019-04-03,有效发票,A07751,14759956,9417.48,282.52,9700.0
2019-04-03,有效发票,A07857,48797177,159.29,20.71,180.0
2019-04-03,有效发票,A13116,43127559,4368.93,131.07,4500.0
2019-04-05,有效发票,A00370,84683678,309.73,40.27,350.0
2019-04-05,有效发票,A10698,90328045,617.48,18.52,636.0
2019-04-07,有效发票,A00370,37245905,194.69,25.31,220.0
2019-04-07,有效发票,A05891,15987015,203.36,26.44,229.8
2019-04-08,有效发票,A00370,64988604,713.27,92.73,806.0
2019-04-08,有效发票,A06909,88270026,176.99,23.01,200.0
2019-04-08,有效发票,A07051,48260424,176.11,22.89,199.0
2019-04-09,有效发票,A06372,30785009,357.53,46.47,404.0
2019-04-11,有效发票,A00370,34715545,350.44,45.56,396.0
2019-04-11,有效发票,A06372,42359284,159.31,20.71,180.02
2019-04-11,有效发票,A07445,52419613,1006.6,60.4,1067.0
2019-04-12,有效发票,A00370,31598885,154.87,20.13,175.0
2019-04-12,有效发票,A07448,89241673,561.32,33.68,595.0
2019-04-13,有效发票,A06470,21610818,211.46,27.49,238.95
2019-04-14,有效发票,A07857,48798197,216.81,28.19,245.0
2019-04-14,有效发票,A09291,176499015,447.78999999999996,58.21,506.0
2019-04-15,有效发票,A00370,72592373,477.88,62.120000000000005,540.0
2019-04-15,有效发票,A01380,17845024,357.28,10.72,368.0
2019-04-15,有效发票,A07939,44798605,102.83,6.17,109.0
2019-04-16,有效发票,A00370,35910666,176.99,23.01,200.0
2019-04-16,有效发票,A02282,39244287,176.99,23.01,200.0
2019-04-17,有效发票,A00370,35370886,327.43,42.57,370.0
2019-04-17,有效发票,A05891,41129935,254.07,33.03,287.1
2019-04-17,有效发票,A13447,26331709,834.95,25.05,860.0
2019-04-18,有效发票,A05891,41136272,186.46,24.24,210.7
2019-04-18,有效发票,A06372,42363342,176.99,23.01,200.0
2019-04-18,有效发票,A06470,33727106,322.13,41.87,364.0
2019-04-19,有效发票,A00370,33267171,352.16,45.78,397.94
2019-04-19,有效发票,A08755,36357734,2973.45,386.55,3360.0
2019-04-21,有效发票,A00370,44580465,380.53,49.47,430.0
2019-04-22,有效发票,A06909,88275690,265.49,34.51,300.0
2019-04-23,有效发票,A00370,30915318,234.51,30.49,265.0
2019-04-24,有效发票,A03877,90455719,9433.96,566.04,10000.0
2019-04-24,有效发票,A06470,24364381,-31.860000000000014,-4.140000000000001,-36.0
2019-04-24,有效发票,A06909,88276528,265.49,34.51,300.0
2019-04-26,有效发票,A00370,36584715,261.06,33.94,295.0
2019-04-26,有效发票,A05891,41057294,241.59,31.41,273.0
2019-04-26,有效发票,A13447,26331824,912.62,27.38,940.0
2019-04-26,有效发票,A13557,92909893,492.23,14.77,507.0
2019-04-27,有效发票,A01714,53807007,307.77,9.23,317.0
2019-04-27,有效发票,A02860,61276593,716.98,43.02,760.0
2019-04-27,有效发票,A08274,86741480,196.12,5.88,202.0
2019-04-28,有效发票,A08657,85834354,2821.7,169.3,2991.0
2019-04-28,有效发票,A09291,88407680,269.03,34.97,304.0
2019-04-28,有效发票,A09920,860269195,9698.999999999998,291.0,9990.0
2019-04-29,作废发票,A03305,8892101,7062231.63,918090.37,7980322.0
2019-04-29,有效发票,A03305,124489354,76232576.39999999,9910235.299999999,86142811.69999999
2019-04-29,有效发票,A05891,41072819,256.64,33.36,290.0
2019-04-29,有效发票,A09920,258080781,2912.61,87.39,3000.0
2019-04-30,有效发票,A01827,53317334,388.35,11.65,400.0
2019-04-30,有效发票,A02282,40773334,225.66,29.34,255.0
2019-04-30,有效发票,A03305,7191905,25788887.15,3352555.35,29141442.5
2019-04-30,有效发票,A09920,86026930,969.9,29.1,999.0
2019-05-01,有效发票,A09920,86183232,296.12,8.88,305.0
2019-05-03,有效发票,A00370,50463019,442.47,57.53,500.0
2019-05-03,有效发票,A01844,66356801,666.0,0.0,666.0
2019-05-05,有效发票,A01940,53859701,444.66,13.34,458.0
2019-05-05,有效发票,A06372,42373614,176.99,23.01,200.0
2019-05-05,有效发票,A06909,88280666,176.99,23.01,200.0
2019-05-06,有效发票,A06470,13327755,38.03,4.95,42.98
2019-05-07,有效发票,A00370,46402050,230.14,29.92,260.06
2019-05-07,有效发票,A08755,36357748,5946.9,773.1,6720.0
2019-05-08,有效发票,A05891,82960631,431.6,56.10000000000001,487.7
2019-05-09,有效发票,A00370,36025720,300.89,39.11,340.0
2019-05-10,有效发票,A00543,18091450,300.88,39.12,340.0
2019-05-10,有效发票,A09525,52437642,362.83,47.17,410.0
2019-05-10,有效发票,A09920,172321652,812.62,24.380000000000003,837.0
2019-05-10,有效发票,A13451,47676129,283.02,16.98,300.0
2019-05-11,有效发票,A03541,3966034,1223.3,36.7,1260.0
2019-05-11,有效发票,A04610,15949899,394.34,23.66,418.0
2019-05-11,有效发票,A05891,41498326,176.55,22.95,199.5
2019-05-12,有效发票,A09291,88410485,249.56,32.44,282.0
2019-05-13,有效发票,A00370,45970134,420.35,54.65,475.0
2019-05-13,有效发票,A06909,95749450,265.49,34.51,300.0
2019-05-14,有效发票,A00370,45643846,212.39,27.61,240.0
2019-05-14,有效发票,A09269,57093142,2579.65,335.35,2915.0
2019-05-15,有效发票,A00618,47469561,362.83,47.17,410.0
2019-05-16,有效发票,A00370,50578029,176.99,23.01,200.0
2019-05-18,有效发票,A00370,45068594,176.99,23.01,200.0
2019-05-19,有效发票,A00370,37067712,238.94,31.06,270.0
2019-05-19,有效发票,A09256,90371783,584.47,17.53,602.0
2019-05-20,有效发票,A00370,36246746,231.86,30.14,262.0
2019-05-20,有效发票,A08755,36357755,2920.35,379.65,3300.0
2019-05-20,有效发票,A13447,47679404,1368.93,41.07,1410.0
2019-05-21,有效发票,A00370,45078164,176.99,23.01,200.0
2019-05-21,有效发票,A05891,41188552,220.53,28.67,249.2
2019-05-21,有效发票,A06839,1403883,52753.98,6858.02,59612.0
2019-05-22,有效发票,A00314,2201697,2483.28,148.99,2632.27
2019-05-22,有效发票,A06487,23696,2675.47,160.53,2836.0
2019-05-24,有效发票,A00370,45656580,176.99,23.01,200.0
2019-05-25,有效发票,A13391,26311783,198.11,11.89,210.0
2019-05-26,有效发票,A00370,46090097,176.99,23.01,200.0
2019-05-26,有效发票,A09291,2510643,254.87,33.13,288.0
2019-05-27,有效发票,A00370,45305033,1200.0,0.0,1200.0
2019-05-28,有效发票,A00370,45989464,176.99,23.01,200.0
2019-05-28,有效发票,A13775,95118007,605.83,18.17,624.0
2019-05-29,有效发票,A05891,41529811,192.93,25.07,218.0
2019-05-29,有效发票,A08948,96694480,464.08,13.92,478.0
2019-05-29,有效发票,A11515,56729162,217.48,6.52,224.0
2019-05-30,有效发票,A03305,35960525,136086644.5,17691267.000000004,153777911.5
2019-05-31,有效发票,A00370,48504509,176.99,23.01,200.0
2019-05-31,有效发票,A03305,5753742,12207189.99,1586935.01,13794125.0
2019-05-31,有效发票,A09920,258080979,2883.5,86.5,2970.0
2019-06-01,有效发票,A00370,46604841,199.12,25.88,225.0
2019-06-02,有效发票,A00679,90777564,420.35,54.65,475.0
2019-06-02,有效发票,A03214,56955847,628.32,81.68,710.0
2019-06-03,有效发票,A00370,72104162,398.23,51.769999999999996,450.0
2019-06-03,有效发票,A07051,4432700,1596.0,0.0,1596.0
2019-06-04,有效发票,A06909,95752238,176.99,23.01,200.0
2019-06-05,有效发票,A13873,95075146,553.4,16.6,570.0
2019-06-06,有效发票,A00370,79402731,207.96,27.04,235.0
2019-06-07,有效发票,A00370,45674529,234.51,30.49,265.0
2019-06-07,有效发票,A09525,95085313,265.49,34.51,300.0
2019-06-07,有效发票,A10063,47658206,348.54,10.46,359.0
2019-06-07,有效发票,A13820,2406593,825.24,24.76,850.0
2019-06-09,有效发票,A05891,41584515,197.79,25.71,223.5
2019-06-10,有效发票,A00370,90105474,469.90999999999997,61.09,531.0
2019-06-10,有效发票,A06909,95753842,265.49,34.51,300.0
2019-06-11,有效发票,A00431,89520165,500.0,0.0,500.0
2019-06-13,有效发票,A00370,46449329,176.99,23.01,200.0
2019-06-14,有效发票,A00370,95503966,787.61,102.39,890.0
2019-06-15,有效发票,A13655,45170175,150.49,4.51,155.0
2019-06-16,有效发票,A00370,47135252,263.71,34.29,298.0
2019-06-16,有效发票,A06909,95755573,234.51,30.49,265.0
2019-06-16,有效发票,A09291,2515044,460.18,59.82,520.0
2019-06-17,有效发票,A05891,41628441,154.87,20.13,175.0
2019-06-17,有效发票,A06909,95755882,265.49,34.51,300.0
2019-06-18,有效发票,A00594,172703317,300.88,39.120000000000005,340.0
2019-06-18,有效发票,A09022,96398722,1570.75,94.25,1665.0
2019-06-19,有效发票,A07234,4091035,647.57,19.43,667.0
2019-06-19,有效发票,A09198,6032545,116.5,3.5,120.0
2019-06-20,有效发票,A12791,2811435,699.03,20.97,720.0
2019-06-21,有效发票,A00370,45682162,176.99,23.01,200.0
2019-06-22,有效发票,A00370,49232270,221.24,28.76,250.0
2019-06-22,有效发票,A07053,60936143,445.28,26.72,472.0
2019-06-22,有效发票,A09525,4030444,265.49,34.51,300.0
2019-06-24,作废发票,A03612,47027436,747745.0,97206.84999999999,844951.85
2019-06-24,有效发票,A00370,39145990,366.38,47.62,414.0
2019-06-25,有效发票,A00370,45584882,190.27,24.73,215.0
2019-06-25,有效发票,A03612,64809672,711953.1,92553.9,804507.0
2019-06-25,有效发票,A06909,95758246,176.99,23.01,200.0
2019-06-26,有效发票,A00370,46338904,123.89,16.11,140.0
2019-06-26,有效发票,A12791,2814052,342.72,10.28,353.0
2019-06-27,有效发票,A03305,32496044,40650584.22,5284576.78,45935161.0
2019-06-27,有效发票,A05891,41012964,165.49,21.51,187.0
2019-06-28,作废发票,A03305,4642305,9494426.48,1234275.52,10728702.0
2019-06-28,有效发票,A00370,39184369,176.99,23.01,200.0
2019-06-28,有效发票,A03305,230908805,183152476.3,23809824.700000003,206962301.0
2019-06-28,有效发票,A13447,51490209,1316.5,39.5,1356.0
2019-06-30,有效发票,A09291,2517622,265.49,34.51,300.0
2019-06-30,有效发票,A09920,373903457,3883.48,116.52,4000.0
2019-07-01,有效发票,A03214,4367196,310.62,40.38,351.0
2019-07-01,有效发票,A07567,6046096,898.23,116.77,1015.0
2019-07-02,有效发票,A00370,45796932,283.19,36.81,320.0
2019-07-02,有效发票,A06909,95760642,176.99,23.01,200.0
2019-07-03,有效发票,A02284,36730616,345.13,44.87,390.0
2019-07-03,有效发票,A06770,86700806,159.22,4.78,164.0
2019-07-03,有效发票,A10698,2646774,166.99,5.01,172.0
2019-07-04,有效发票,A03612,11805836,5308.85,690.15,5999.0
2019-07-05,有效发票,A06372,42463682,176.99,23.01,200.0
2019-07-06,有效发票,A02388,65558648,306.19,39.81,346.0
2019-07-06,有效发票,A09525,4033343,265.49,34.51,300.0
2019-07-06,有效发票,A13197,1413698,174.76,5.24,180.0
2019-07-06,有效发票,A13405,47697545,998.11,59.89,1058.0
2019-07-08,有效发票,A00370,46354502,230.09,29.91,260.0
2019-07-08,有效发票,A05575,63645031,2825.0,75.0,2900.0
2019-07-09,有效发票,A00370,47208221,155.53,20.22,175.75
2019-07-09,有效发票,A06909,95762880,176.99,23.01,200.0
2019-07-10,有效发票,A07421,4053170,281.13,16.87,298.0
2019-07-11,有效发票,A00370,45807840,433.63,56.37,490.0
2019-07-11,有效发票,A03422,88091111,2681.37,237.63,2919.0
2019-07-11,有效发票,A06372,42467424,301.81,39.23,341.04
2019-07-12,有效发票,A00370,98181577,530.97,69.03,600.0
2019-07-12,有效发票,A13197,94080547,104.85,3.15,108.0
2019-07-13,有效发票,A05246,42550014,757.28,22.72,780.0
2019-07-14,有效发票,A06204,90943545,135.92,4.08,140.0
2019-07-15,有效发票,A00370,48762102,323.01,41.99,365.0
2019-07-16,有效发票,A00309,11965760,11026.84,661.61,11688.45
2019-07-16,有效发票,A06909,95765137,176.99,23.01,200.0
2019-07-16,有效发票,A07244,213275,345929.2,44970.8,390900.0
2019-07-17,作废发票,A03612,5897314,5308.85,690.15,5999.0
2019-07-17,有效发票,A00615,283422061,20000.0,0.0,20000.0
2019-07-17,有效发票,A03612,70767847,303400.89,39442.10999999999,342843.0
2019-07-17,有效发票,A06372,42415431,185.84,24.16,210.0
2019-07-18,有效发票,A00370,48246881,221.24,28.76,250.0
2019-07-18,有效发票,A03612,11794657,0.0,0.0,0.0
2019-07-18,有效发票,A13586,3435771,317.48,9.52,327.0
2019-07-19,有效发票,A03214,5094117,442.48,57.52,500.0
2019-07-19,有效发票,A03612,5897330,5308.85,690.15,5999.0
2019-07-19,有效发票,A06372,42416384,176.99,23.01,200.0
2019-07-19,有效发票,A09525,4036324,176.99,23.01,200.0
2019-07-20,有效发票,A03541,4021233,660.19,19.81,680.0
2019-07-20,有效发票,A06204,90939889,150.49,4.51,155.0
2019-07-20,有效发票,A06372,42416945,407.08,52.92,460.0
2019-07-21,有效发票,A06767,93947429,5000.0,300.0,5300.0
2019-07-21,有效发票,A09291,8571961,476.99,62.010000000000005,539.0
2019-07-21,有效发票,A12732,8938161,352.21,45.79,398.0
2019-07-21,有效发票,A13655,88553268,101.94,3.06,105.0
2019-07-22,作废发票,A03612,78885569,267459.0,34769.67,302228.67000000004
2019-07-22,有效发票,A00370,48252210,230.09,29.91,260.0
2019-07-22,有效发票,A03612,153712383,696318.0,90521.34,786839.34
2019-07-22,有效发票,A13447,51490472,1009.71,30.29,1040.0
2019-07-23,有效发票,A00370,54370221,367.26,47.74,415.0
2019-07-23,有效发票,A01868,30365537,1376.7,41.3,1418.0
2019-07-23,有效发票,A02954,51956695,318.58,41.42,360.0
2019-07-23,有效发票,A06909,3853359,176.99,23.01,200.0
2019-07-23,有效发票,A13557,4898571,768.93,23.07,792.0
2019-07-24,有效发票,A00370,93429625,618.16,80.36,698.52
2019-07-24,有效发票,A00599,95160121,88.5,11.5,100.0
2019-07-25,有效发票,A06470,67048863,3804.84,494.64,4299.48
2019-07-27,有效发票,A07242,90826851,740.57,44.43,785.0
2019-07-27,有效发票,A13557,6004912,631.07,18.93,650.0
2019-07-28,有效发票,A00370,46378694,176.99,23.01,200.0
2019-07-28,有效发票,A05891,41269521,178.41,23.19,201.6
2019-07-28,有效发票,A13830,7658314,184.47,5.53,190.0
2019-07-29,作废发票,A03305,9920681,9019801.95,1172574.05,10192376.0
2019-07-29,有效发票,A00370,45495114,212.39,27.61,240.0
2019-07-29,有效发票,A03305,232414355,144917864.79,18839322.210000005,163757187.0
2019-07-30,有效发票,A03305,39962289,-26548672.56,-3451327.44,-30000000.0
2019-07-30,有效发票,A09936,560957926,5825.22,174.78,6000.0
2019-07-31,有效发票,A00370,54453958,292.03,37.97,330.0
2019-07-31,有效发票,A13447,51514035,1596.12,47.88,1644.0
2019-08-01,有效发票,A00370,52521569,371.68,48.32,420.0
2019-08-01,有效发票,A06909,97274645,176.99,23.01,200.0
2019-08-02,作废发票,A07421,6020415,281.13,16.87,298.0
2019-08-02,作废发票,A13586,97665117,381.55,11.45,393.0
2019-08-02,有效发票,A00370,46982808,266.37,34.63,301.0
2019-08-02,有效发票,A07421,6020416,281.13,16.87,298.0
2019-08-03,有效发票,A13557,1044702,213.59,6.41,220.0
2019-08-04,有效发票,A00609,4793319,437.17,56.83,494.0
2019-08-04,有效发票,A07394,96276039,2830.19,169.81,3000.0
2019-08-04,有效发票,A08745,1480486,2099.06,125.94,2225.0
2019-08-05,有效发票,A04635,6215201,449.51,13.49,463.0
2019-08-05,有效发票,A10698,7823916,162.14,4.86,167.0
2019-08-06,作废发票,A03612,39442818,133879.64,17404.36,151284.0
2019-08-06,有效发票,A00370,34434470,176.99,23.01,200.0
2019-08-06,有效发票,A00608,7167943,234.51,30.49,265.0
2019-08-06,有效发票,A03612,177492681,603922.12,78509.88,682432.0
2019-08-07,有效发票,A00370,51352067,329.53,42.84,372.37
2019-08-07,有效发票,A07394,96276099,870.75,52.25,923.0
2019-08-07,有效发票,A13800,4044971,100.97,3.03,104.0
2019-08-08,作废发票,A03612,38861,21791.15,2832.85,24624.0
2019-08-08,有效发票,A00370,47925183,347.21,45.14,392.35
2019-08-08,有效发票,A03612,641695,494047.77,64226.23,558274.0
2019-08-08,有效发票,A09151,88779745,927.18,27.82,955.0
2019-08-08,有效发票,A09525,7637300,248.67,32.33,281.0
2019-08-08,有效发票,A13197,5718063,382.52,11.48,394.0
2019-08-09,有效发票,A00314,4819827,3195.56,191.73,3387.29
2019-08-09,有效发票,A05441,61374353,582.52,17.48,600.0
2019-08-10,有效发票,A00370,45922859,352.12,45.78,397.9
2019-08-10,有效发票,A09525,7637792,265.49,34.51,300.0
2019-08-11,有效发票,A00370,48000684,230.09,29.91,260.0
2019-08-11,有效发票,A06451,7085257,271.68,35.32,307.0
2019-08-11,有效发票,A09151,88779765,481.55,14.45,496.0
2019-08-12,有效发票,A06909,97278260,265.49,34.51,300.0
2019-08-13,有效发票,A00370,52350493,303.54,39.46,343.0
2019-08-13,有效发票,A01786,39553087,756.31,22.69,779.0
2019-08-14,有效发票,A04634,71100001,119.42,3.58,123.0
2019-08-15,有效发票,A00370,49772219,223.01,28.99,252.0
2019-08-15,有效发票,A13116,32017559,13970.87,419.13,14390.0
2019-08-16,有效发票,A00599,4010862,176.99,23.01,200.0
2019-08-16,有效发票,A01484,24692054,133.01,3.99,137.0
2019-08-16,有效发票,A06372,43370638,176.99,23.01,200.0
2019-08-17,有效发票,A05622,58457496,694.34,41.66,736.0
2019-08-17,有效发票,A06204,98147432,122.33,3.67,126.0
2019-08-19,有效发票,A00370,52155482,176.99,23.01,200.0
2019-08-19,有效发票,A09525,15278975,522.12,67.88,590.0
2019-08-20,作废发票,A03612,347647,99201.0,12896.13,112097.13
2019-08-20,有效发票,A00370,49466052,305.31,39.69,345.0
2019-08-20,有效发票,A03612,6246326,980669.27,127486.99999999999,1108156.2700000003
2019-08-20,有效发票,A06909,97280857,176.99,23.01,200.0
2019-08-23,有效发票,A03626,1230154,12075.47,724.53,12800.0
2019-08-23,有效发票,A06372,43475628,176.99,23.01,200.0
2019-08-24,有效发票,A11437,69799007,169.9,5.1,175.0
2019-08-25,有效发票,A05891,41445418,296.46,38.54,335.0
2019-08-25,有效发票,A10099,47311238,3485.4300000000003,104.57,3590.0
2019-08-27,有效发票,A01205,79435882,57.52,7.48,65.0
2019-08-27,有效发票,A06909,97283214,176.99,23.01,200.0
2019-08-27,有效发票,A09920,124600898,4028.1499999999996,120.84999999999998,4149.0
2019-08-28,有效发票,A05891,41462352,315.93,41.07,357.0
2019-08-28,有效发票,A13197,1510858,204.85,6.15,211.0
2019-08-29,有效发票,A03305,253095295,126559697.36999999,16452760.630000003,143012458.0
2019-08-29,有效发票,A05512,12735727,291.26,8.74,300.0
2019-08-29,有效发票,A06372,43478957,353.98,46.02,400.0
2019-08-30,作废发票,A09936,93493096,970.87,29.13,1000.0
2019-08-30,有效发票,A00370,44958780,312.39,40.61,353.0
2019-08-30,有效发票,A06372,43378500,176.99,23.01,200.0
2019-08-30,有效发票,A06514,54651847,3000.0,0.0,3000.0
2019-08-30,有效发票,A09936,280479291,1942.71,58.29,2001.0
2019-09-01,有效发票,A00370,47075068,353.98,46.02,400.0
2019-09-02,有效发票,A00370,51583739,257.53,33.47,291.0
2019-09-02,有效发票,A11691,32795442,100.97,3.03,104.0
2019-09-03,有效发票,A00370,38461804,203.54,26.46,230.0
2019-09-03,有效发票,A03612,7014492,538853.98,70051.02,608905.0
2019-09-04,作废发票,A03612,4485805,142854.86,18571.14,161426.0
2019-09-04,作废发票,A09525,7642408,176.99,23.01,200.0
2019-09-04,有效发票,A00370,29135294,168.14,21.86,190.0
2019-09-04,有效发票,A03612,3706402,16590.26,2156.74,18747.0
2019-09-04,有效发票,A09936,51992901,-970.87,-29.13,-1000.0
2019-09-05,作废发票,A09936,103985827,971.84,29.16,1001.0
2019-09-05,有效发票,A00370,96622063,544.24,70.76,615.0
2019-09-05,有效发票,A09936,519929112,9708.7,291.3,10000.0
2019-09-05,有效发票,A11466,69851100,747.57,22.43,770.0
2019-09-06,作废发票,A03612,14825622,351693.0,45720.09,397413.08999999997
2019-09-06,有效发票,A00370,597794765,18005.309999999998,39.69,18045.0
2019-09-06,有效发票,A03612,51889803,938292.0299999999,121977.97,1060270.0
2019-09-06,有效发票,A05891,32567477,292.04,37.96,330.0
2019-09-06,有效发票,A12791,71595729,572.82,17.18,590.0
2019-09-06,有效发票,A13557,71709127,340.78,10.22,351.0
2019-09-07,有效发票,A06641,72960114,394.34,23.66,418.0
2019-09-07,有效发票,A12791,71595748,440.78,13.22,454.0
2019-09-08,有效发票,A00628,90821930,293.81,38.19,332.0
2019-09-09,作废发票,A03612,3706422,93334.51,12133.49,105468.0
2019-09-09,有效发票,A00370,104586168,561.95,73.05,635.0
2019-09-09,有效发票,A03612,11119272,262769.91000000003,34160.09,296930.0
2019-09-09,有效发票,A06909,97287188,265.49,34.51,300.0
2019-09-09,有效发票,A09920,97678873,563.11,16.89,580.0
2019-09-09,有效发票,A13469,47326303,502.91,15.09,518.0
2019-09-10,有效发票,A06231,98208399,812.62,24.38,837.0
2019-09-11,作废发票,A03612,212859765,4369601.819999998,568048.1799999999,4937650.0
2019-09-11,有效发票,A03612,9460481,139270.78,18105.22,157376.0
2019-09-11,有效发票,A06131,72762506,6867.919999999999,412.08,7280.0
2019-09-12,有效发票,A03612,190261859,3011504.4799999995,391495.52000000025,3403000.0
2019-09-12,有效发票,A06821,38543967,9213.060000000001,829.19,10042.25
2019-09-16,有效发票,A06909,97289198,265.49,34.51,300.0
2019-09-17,有效发票,A02427,16566602,194.17,5.83,200.0
2019-09-17,有效发票,A13197,1566816,357.28,10.72,368.0
2019-09-18,有效发票,A00370,30334813,207.97,27.03,235.0
2019-09-19,有效发票,A03612,6408115,63869.91,8303.09,72173.0
2019-09-20,有效发票,A00370,51853400,176.99,23.01,200.0
2019-09-20,有效发票,A05891,32440754,318.59,41.41,360.0
2019-09-20,有效发票,A10698,51101296,190.29,5.71,196.0
2019-09-20,有效发票,A13557,98900423,230.1,6.9,237.0
2019-09-21,有效发票,A06372,43491833,327.43,42.57,370.0
2019-09-21,有效发票,A09283,71785048,338.68,20.32,359.0
2019-09-22,有效发票,A00370,45107818,391.1,50.84,441.94
2019-09-22,有效发票,A02388,65536073,300.88,39.12,340.0
2019-09-22,有效发票,A03391,49708407,158.49,9.51,168.0
2019-09-24,有效发票,A00370,30563645,327.65,42.6,370.25
2019-09-24,有效发票,A03612,25632474,69176.11,8992.890000000001,78169.0
2019-09-24,有效发票,A06909,97291451,176.99,23.01,200.0
2019-09-26,有效发票,A00980,57851417,460.19,13.81,474.0
2019-09-26,有效发票,A00992,62457093,248.54,7.46,256.0
2019-09-26,有效发票,A03305,4659523,9643173.459999999,1253612.5399999998,10896786.0
2019-09-26,有效发票,A08740,1528117,120.39,3.61,124.0
2019-09-26,有效发票,A13557,99217498,182.52,5.48,188.0
2019-09-26,有效发票,A13655,4565716,174.76,5.24,180.0
2019-09-27,有效发票,A00370,51115144,153.11,19.9,173.01
2019-09-27,有效发票,A03305,37276328,141301415.04999998,18369183.949999996,159670599.0
2019-09-27,有效发票,A03612,6408121,2194.69,285.31,2480.0
2019-09-27,有效发票,A06372,42510892,176.99,23.01,200.0
2019-09-29,作废发票,A09484,74624315,264.08,7.92,272.0
2019-09-29,有效发票,A09484,74624316,264.08,7.92,272.0
2019-09-30,有效发票,A00370,51619579,331.86,43.14,375.0
2019-09-30,有效发票,A05891,32370074,252.22,32.78,285.0
2019-09-30,有效发票,A09920,32151845,3883.48,116.52,4000.0
2019-09-30,有效发票,A09936,415944132,7054.379999999999,211.62000000000003,7266.0
2019-09-30,有效发票,A11803,12109410,291.26,8.74,300.0
2019-10-01,有效发票,A07242,6970583,193.81,25.19,219.0
2019-10-01,有效发票,A11134,7853544,297.35,38.65,336.0
2019-10-02,作废发票,A11803,12109413,182.52,5.48,188.0
2019-10-04,有效发票,A05312,64785570,1602.91,48.09,1651.0
2019-10-05,有效发票,A00480,11237275,176.99,23.01,200.0
2019-10-05,有效发票,A03690,72010079,267.96,8.04,276.0
2019-10-05,有效发票,A06750,50785874,1937.74,116.26,2054.0
2019-10-05,有效发票,A13776,73461007,620.39,18.61,639.0
2019-10-06,有效发票,A00370,37805575,318.64,41.42,360.06
2019-10-06,有效发票,A02531,18964502,240.78,7.22,248.0
2019-10-06,有效发票,A05824,64144018,1156.31,34.69,1191.0
2019-10-08,作废发票,A13842,9058032,184.47,5.53,190.0
2019-10-08,有效发票,A00370,38951613,358.54,46.61,405.15
2019-10-08,有效发票,A00627,72871316,309.73,40.27,350.0
2019-10-08,有效发票,A03265,13697323,543.4,32.6,576.0
2019-10-08,有效发票,A06909,73357920,176.99,23.01,200.0
2019-10-08,有效发票,A13842,18116061,3189.3199999999997,95.68,3285.0
2019-10-09,有效发票,A03612,12816245,8761.06,1138.94,9900.0
2019-10-10,作废发票,A03612,6408129,21231.86,2760.14,23992.0
2019-10-10,有效发票,A03612,32040630,190425.66999999998,24755.329999999998,215181.0
2019-10-10,有效发票,A09964,75267342,235.92,7.08,243.0
2019-10-11,有效发票,A00370,104838918,451.33,58.67,510.0
2019-10-11,有效发票,A08648,1793331,1061.32,63.68,1125.0
2019-10-12,有效发票,A02819,66228340,300.88,39.12,340.0
2019-10-14,有效发票,A03318,60959686,377.36,22.64,400.0
2019-10-15,作废发票,A03612,16259307,57691.15,7499.85,65191.0
2019-10-15,有效发票,A03612,211371010,550254.85,71533.14999999998,621788.0
2019-10-15,有效发票,A06909,73359796,176.99,23.01,200.0
2019-10-16,作废发票,A03612,8129669,5307.96,690.04,5998.0
2019-10-16,有效发票,A03612,24389013,21231.84,2760.16,23992.0
2019-10-16,有效发票,A05891,32496496,230.09,29.91,260.0
2019-10-16,有效发票,A06909,73360160,350.44,45.56,396.0
2019-10-17,有效发票,A07242,95357426,136.89,4.11,141.0
2019-10-17,有效发票,A08918,9377863,218.87,13.13,232.0
2019-10-18,有效发票,A12492,8422161,388.35,11.65,400.0
2019-10-19,有效发票,A00370,51932617,380.54,49.47,430.01
2019-10-19,有效发票,A05814,64150279,485.44,14.56,500.0
2019-10-21,有效发票,A06909,73361412,176.99,23.01,200.0
2019-10-21,有效发票,A13415,29039269,329.13,9.87,339.0
2019-10-23,有效发票,A07476,20452529,188.68,11.32,200.0
2019-10-23,有效发票,A13655,60734776,260.19,7.81,268.0
2019-10-24,有效发票,A00370,62362343,442.47,57.53,500.0
2019-10-24,有效发票,A03377,367108,122.33,3.67,126.0
2019-10-24,有效发票,A03612,130074940,269335.4,35013.6,304349.0
2019-10-25,有效发票,A03456,73161866,100.94,6.06,107.0
2019-10-25,有效发票,A07687,5677920,324.78,42.22,367.0
2019-10-27,有效发票,A03457,91863411,225.47,13.53,239.0
2019-10-27,有效发票,A06372,43511320,349.56,45.44,395.0
2019-10-27,有效发票,A07690,586311,207.77,6.23,214.0
2019-10-27,有效发票,A13116,95301026,236.89,7.11,244.0
2019-10-29,有效发票,A03305,136464924,193713365.54000005,25182737.459999997,218896103.0
2019-10-30,有效发票,A03305,17058174,-26548672.56,-3451327.44,-30000000.0
2019-10-30,有效发票,A05545,10577271,388.35,11.65,400.0
2019-10-30,有效发票,A09920,467482600,4737.87,142.13,4880.0
2019-10-31,有效发票,A00370,63861869,393.8,51.2,445.0
2019-10-31,有效发票,A03612,232880570,1575200.0200000003,204775.98000000004,1779976.0
2019-10-31,有效发票,A09920,747972220,7759.199999999999,232.79999999999998,7992.0
2019-10-31,有效发票,A13197,593581,324.27,9.73,334.0
2019-11-01,有效发票,A00370,38219329,230.09,29.91,260.0
2019-11-02,有效发票,A06372,43414000,290.26,37.74,328.0
2019-11-02,有效发票,A13557,75517309,94.17,2.83,97.0
2019-11-03,有效发票,A00370,51224556,380.53,49.47,430.0
2019-11-04,有效发票,A02382,29613721,176.99,23.01,200.0
2019-11-04,有效发票,A05545,21349363,582.52,17.48,600.0
2019-11-04,有效发票,A06909,73365246,176.99,23.01,200.0
2019-11-05,有效发票,A03422,52515124,1830.97,168.03,1999.0
2019-11-06,有效发票,A00370,32371031,230.09,29.91,260.0
2019-11-07,有效发票,A00314,24945539,20655.45,1239.33,21894.78
2019-11-07,有效发票,A00370,50271534,230.09,29.91,260.0
2019-11-07,有效发票,A03795,44791788,485.44,14.56,500.0
2019-11-08,有效发票,A00370,36636971,286.72,37.28,324.0
2019-11-08,有效发票,A05891,32339240,176.99,23.01,200.0
2019-11-08,有效发票,A07399,18751406,3123.89,406.11,3530.0
2019-11-10,有效发票,A02629,85923236,1036.89,31.11,1068.0
2019-11-10,有效发票,A13447,29124156,963.11,28.89,992.0
2019-11-11,有效发票,A00370,84291107,451.33,58.67,510.0
2019-11-12,有效发票,A06909,912557,176.99,23.01,200.0
2019-11-12,有效发票,A07567,20376390,669.91,87.09,757.0
2019-11-13,有效发票,A13116,35855929,1456.31,43.69,1500.0
2019-11-14,作废发票,A03612,24481375,206564.61000000002,26853.39,233418.0
2019-11-14,有效发票,A03612,67766511,227684.06999999998,29598.93,257283.0
2019-11-14,有效发票,A06372,42537331,332.74,43.26,376.0
2019-11-15,有效发票,A08363,98834296,580.58,17.42,598.0
2019-11-17,有效发票,A05630,30811783,453.4,13.6,467.0
2019-11-18,有效发票,A00370,50316651,176.99,23.01,200.0
2019-11-18,有效发票,A05545,12875502,1.94,0.06,2.0
2019-11-18,有效发票,A10170,385913,268.59,26.01,294.6
2019-11-19,作废发票,A03612,2386593,77355.75,10056.25,87412.0
2019-11-19,有效发票,A03612,9546382,436122.12,56695.880000000005,492818.0
2019-11-20,有效发票,A06909,914711,176.99,23.01,200.0
2019-11-20,有效发票,A12791,2075694,255.34,7.66,263.0
2019-11-21,有效发票,A00370,82067757,402.65999999999997,52.34,455.0
2019-11-22,有效发票,A03612,11933075,762908.3099999999,99178.07999999999,862086.39
2019-11-23,有效发票,A00370,30495223,198.59,25.82,224.41
2019-11-23,有效发票,A13447,29124297,192.23,5.77,198.0
2019-11-24,有效发票,A00370,31604028,300.88,39.12,340.0
2019-11-24,有效发票,A03612,1193313,40214.16,5227.84,45442.0
2019-11-25,有效发票,A03346,16033569,3185.84,414.16,3600.0
2019-11-26,有效发票,A00370,83701548,579.65,75.35,655.0
2019-11-26,有效发票,A03612,2386629,170292.04,22137.96,192430.0
2019-11-27,有效发票,A03456,73162944,134.91,8.09,143.0
2019-11-27,有效发票,A03612,1193316,19815.93,2576.07,22392.0
2019-11-27,有效发票,A06372,87802835,269.91,35.09,305.0
2019-11-28,有效发票,A03305,142152400,177174114.10999998,23032634.88999999,200206749.0
2019-11-29,有效发票,A03612,9546564,175233.63,22780.370000000003,198014.0
2019-11-30,有效发票,A09974,1216013289,10217.49,306.51,10524.0
2019-12-01,有效发票,A06204,74593510,168.93,5.07,174.0
2019-12-01,有效发票,A06372,87805223,354.02,46.02,400.04
2019-12-01,有效发票,A11691,32806823,112.62,3.38,116.0
2019-12-02,有效发票,A03612,2386651,6857.5199999999995,891.48,7749.0
2019-12-02,有效发票,A06909,918072,176.99,23.01,200.0
2019-12-03,有效发票,A03626,54157249,264.15,15.85,280.0
2019-12-03,有效发票,A13116,95372012,621.36,18.64,640.0
2019-12-04,有效发票,A03612,10739979,138633.64,18022.36,156656.0
2019-12-04,有效发票,A06254,98293173,163.11,4.89,168.0
2019-12-05,作废发票,A03612,2386675,25743.36,3346.64,29090.0
2019-12-05,有效发票,A00370,29982146,176.99,23.01,200.0
2019-12-05,有效发票,A03612,11933423,548175.22,71262.78,619438.0
2019-12-05,有效发票,A07907,48887425,100.65,13.08,113.73
2019-12-06,有效发票,A03612,8353457,622447.73,80918.22,703365.95
2019-12-06,有效发票,A09920,3851710,154.37,4.63,159.0
2019-12-06,有效发票,A10698,51124859,186.41,5.59,192.0
2019-12-08,有效发票,A07427,94368911,1159.22,34.78,1194.0
2019-12-09,有效发票,A03541,32583585,563.11,16.89,580.0
2019-12-09,有效发票,A03612,3580071,19287.61,2507.39,21795.0
2019-12-10,有效发票,A00370,36725176,355.75,46.25,402.0
2019-12-10,有效发票,A03305,5686113,162373.45,21108.55,183482.0
2019-12-10,有效发票,A03612,13127004,737281.4299999999,95846.58,833128.01
2019-12-10,有效发票,A06909,920465,176.99,23.01,200.0
2019-12-10,有效发票,A07907,48981420,79.88,10.38,90.26
2019-12-11,作废发票,A03612,1193371,5502.65,715.35,6218.0
2019-12-11,有效发票,A03612,3580115,109084.07,14180.93,123265.0
2019-12-11,有效发票,A06131,105634064,-6867.919999999999,-412.08,-7280.0
2019-12-11,有效发票,A11288,92003942,396.23,23.77,420.0
2019-12-12,作废发票,A03612,33414850,2670623.0,347181.0,3017804.0
2019-12-12,有效发票,A06487,11942711,2676.42,160.58,2837.0
2019-12-13,作废发票,A03612,1193404,99457.86,12929.52,112387.38
2019-12-13,有效发票,A03612,65609860,2670626.1300000004,347181.35,3017807.479999998
2019-12-14,有效发票,A03242,3476935,403.88,12.12,416.0
2019-12-14,有效发票,A12791,72774284,446.6,13.4,460.0
2019-12-15,作废发票,A03612,2534867,93176.98,12113.01,105289.99
2019-12-15,有效发票,A03612,45627568,1661246.9900000002,215962.09,1877209.08
2019-12-15,有效发票,A05891,16963711,323.01,41.99,365.0
2019-12-16,有效发票,A00370,33154091,194.79,25.32,220.11
2019-12-16,有效发票,A00883,97746562,230.97,30.03,261.0
2019-12-16,有效发票,A06153,64082164,254.37,7.63,262.0
2019-12-16,有效发票,A06372,87752327,176.99,23.01,200.0
2019-12-17,有效发票,A00370,36735219,337.16,43.84,381.0
2019-12-18,作废发票,A03612,10214368,177784.06,23111.940000000002,200896.0
2019-12-18,有效发票,A00370,53821431,176.99,23.01,200.0
2019-12-18,有效发票,A03612,33627123,430418.55,55954.44000000002,486372.99
2019-12-18,有效发票,A06206,1930594,211.65,6.35,218.0
2019-12-18,有效发票,A13451,39122474,339.62,20.38,360.0
2019-12-19,有效发票,A02558,25996096,132.35,16.85,149.2
2019-12-19,有效发票,A03612,2609740,9907.96,1288.04,11196.0
2019-12-20,有效发票,A03612,7829226,37427.43,4865.57,42293.0
2019-12-20,有效发票,A06451,2736251,327.43,42.57,370.0
2019-12-20,有效发票,A10883,75952527,232.04,6.96,239.0
2019-12-22,有效发票,A04634,6195235,220.39,6.61,227.0
2019-12-22,有效发票,A13557,5639050,444.66,13.34,458.0
2019-12-23,有效发票,A00370,33426291,283.19,36.81,320.0
2019-12-23,有效发票,A02731,36836339,574.76,17.24,592.0
2019-12-23,有效发票,A03612,5219489,11237.17,1460.83,12698.0
2019-12-24,有效发票,A00370,32307992,300.89,39.11,340.0
2019-12-24,有效发票,A03612,2609746,25454.87,3309.13,28764.0
2019-12-25,有效发票,A03612,2609747,28576.11,3714.89,32291.0
2019-12-26,有效发票,A00370,30145052,327.44,42.56,370.0
2019-12-26,有效发票,A03612,10438998,226685.84000000003,29469.16,256155.0
2019-12-26,有效发票,A13655,2278388,263.11,7.89,271.0
2019-12-27,有效发票,A03305,147839783,188553562.79,24511963.210000005,213065526.0
2019-12-27,有效发票,A08594,45573266,428.3,25.7,454.0
2019-12-27,有效发票,A11689,32832676,135.92,4.08,140.0
2019-12-30,作废发票,A03612,13048774,261923.02000000005,34049.979999999996,295973.0
2019-12-30,有效发票,A00370,35062185,336.28,43.72,380.0
2019-12-30,有效发票,A03612,28707378,895521.62,116417.81,1011939.4299999999
2019-12-30,有效发票,A06652,45564172,300.97,9.03,310.0
2019-12-30,有效发票,A10698,51189782,254.37,7.63,262.0
2019-12-31,有效发票,A00314,935686,1584.91,95.09,1680.0
2019-12-31,有效发票,A00370,50856196,231.86,30.14,262.0
2019-12-31,有效发票,A03305,22744650,-37390560.18,-4860772.82,-42251333.0
2019-12-31,有效发票,A09283,7255083,338.68,20.32,359.0
2019-12-31,有效发票,A09920,467483250,3922.34,117.66000000000001,4040.0
2019-12-31,有效发票,A09974,71763131,8737.89,262.11,9000.0
2020-01-03,有效发票,A00370,50919396,367.26,47.74,415.0
2020-01-03,有效发票,A06870,3750452,104.85,3.15,108.0
2020-01-03,有效发票,A07555,72714631,594.17,17.83,612.0
2020-01-03,有效发票,A10050,19937772,683.96,41.04,725.0
2020-01-03,有效发票,A13831,72815992,735.92,22.08,758.0
2020-01-04,有效发票,A02427,20311695,194.17,5.83,200.0
2020-01-04,有效发票,A13116,93788351,8854.369999999999,265.63,9120.0
2020-01-05,有效发票,A00370,36914495,176.99,23.01,200.0
2020-01-05,有效发票,A06821,16087033,8414.4,757.3,9171.7
2020-01-05,有效发票,A13116,46894180,1456.31,43.69,1500.0
2020-01-08,有效发票,A00370,35946362,256.64,33.36,290.0
2020-01-08,有效发票,A03612,13048850,59283.19,7706.809999999999,66990.0
2020-01-10,有效发票,A03612,221663260,965723.0,125543.98999999999,1091266.99
2020-01-10,有效发票,A05546,12906415,252.43,7.57,260.0
2020-01-10,有效发票,A05548,12807840,291.26,8.74,300.0
2020-01-10,有效发票,A13197,7015030,164.08,4.92,169.0
2020-01-13,有效发票,A12732,47016068,704.42,91.58,796.0
2020-01-14,作废发票,A03612,17051030,84858.41,11031.59,95890.0
2020-01-14,有效发票,A00370,36837083,318.58,41.42,360.0
2020-01-14,有效发票,A03612,187561360,677716.94,88103.19,765820.13
2020-01-14,有效发票,A07643,4365006,1239.62,74.38,1314.0
2020-01-14,有效发票,A13116,367112,175.73,5.27,181.0
2020-01-15,作废发票,A03612,17051042,99444.24,12927.76,112372.0
2020-01-15,有效发票,A00370,36837323,265.48,34.52,300.0
2020-01-15,有效发票,A03612,119357298,547058.41,71117.6,618176.01
2020-01-16,有效发票,A00370,83306174,598.37,77.78,676.15
2020-01-16,有效发票,A03242,58054671,5825.22,174.78,6000.0
2020-01-16,有效发票,A03612,85255245,435211.5,56577.48999999999,491788.99
2020-01-16,有效发票,A10053,38139398,151.89,9.11,161.0
2020-01-16,有效发票,A12752,2130456,2839.62,170.38,3010.0
2020-01-17,有效发票,A03305,62548068,80664910.63,10486438.370000001,91151349.0
2020-01-17,有效发票,A05545,12701727,163.11,4.89,168.0
2020-01-20,有效发票,A10049,145506987,887.74,53.26,941.0
2020-01-21,有效发票,A02382,96653284,309.77,40.27,350.04
2020-01-21,有效发票,A12791,5324119,330.1,9.9,340.0
2020-01-22,有效发票,A09196,49388412,1263.21,75.79,1339.0
2020-01-23,有效发票,A00370,37341597,278.76,36.24,315.0
2020-01-23,有效发票,A10049,48502381,683.96,41.04,725.0
2020-01-27,有效发票,A03850,78121064,2894.34,173.66,3068.0
2020-01-31,有效发票,A06506,49393086,3656.64,475.36,4132.0
2020-02-02,有效发票,A00370,36460836,336.29,43.71,380.0
2020-02-14,有效发票,A00370,37401763,284.07,36.93,321.0
